Study,Sample,Sample_Type,DPN,Sample_Vol,InteritE_DNA,IntegritE_Cq,IntegritE_Total,IntegritE_Copies,IntegritE_SE,I6S_DNA,I6S_Cq,I6S_Total,I6S_Copies,I6S_SE,NosZI_DNA,NosZI_Cq,NosZI_Total,NosZI_Copies,NosZI_SE,NosZII_DNA,NosZII_Total,NosZII_Copies,NosZII_SE,Notes
PCS2019,59,cDNA,1,5.01,"5,856,344.47",13.47,19476957977,3886685420,974,"13,451,559.46",13.58,44725299769,8925067802,316633183,164.3,27.09,589655,117667,2484,143.46,518424,103453,7048,
PCS2019,59,cDNA,1,,"4,950,035.69",13.72,,,,"11,400,211.43",13.83,,,,157.88,27.15,,,,118.32,,,,
PCS2019,59,cDNA,1,,"5,438,743.39",13.58,,,,"13,540,884.23",13.57,,,,149.71,27.23,,,,152.98,,,,
PCS2019,59,cDNA,1,,"4,475,044.51",13.87,,,,"9,986,771.71",14.03,,,,142.91,27.3,,,,175.99,,,,
PCS2019,59,cDNA,1,,,,,,,"12,180,266.71",13.73,,,,150.71,27.22,,,,159.36,,,,
PCS2019,59,cDNA,1,,,,,,,"11,250,300.63",13.85,,,,167.61,27.06,,,,113.58,,,,
PCS2019,59,cDNA,1,,,,,,,"12,099,917.49",13.74,,,,152.73,27.2,,,,143.46,,,,
PCS2019,59,cDNA,1,,,,,,,"11,250,300.63",13.85,,,,168.73,27.05,,,,95.88,,,,
PCS2019,85,cDNA,2,5.05,"12,189,512.33",12.38,57453417008,11377590155,2128,"22,690,777.75",12.79,1.18E+11,23332867457,672487064,94.03,27.93,366731,72624,5981,43.84,390739,77379,13112,
PCS2019,85,cDNA,2,,"11,396,697.41",12.48,,,,"20,682,733.37",12.93,,,,64.39,28.5,,,,61.88,,,,
PCS2019,85,cDNA,2,,"9,252,015.37",12.79,,,,"22,993,133.47",12.77,,,,77.04,28.23,,,,151.2,,,,
PCS2019,85,cDNA,2,,"8,946,078.17",12.84,,,,"19,746,367.21",13,,,,40.98,29.18,,,,72.02,,,,
PCS2019,85,cDNA,2,,,,,,,"24,243,385.87",12.69,,,,67.46,28.43,,,,75.47,,,,
PCS2019,85,cDNA,2,,,,,,,"19,103,602.06",13.05,,,,61.06,28.58,,,,57.35,,,,
PCS2019,85,cDNA,2,,,,,,,"21,237,602.60",12.89,,,,72.09,28.33,,,,57.02,,,,
PCS2019,85,cDNA,2,,,,,,,"20,682,733.37",12.93,,,,56.38,28.7,,,,49.56,,,,
PCS2019,50,gDNA,3,0.73,"571,549.13",16.93,28219484,38603946,6968,"1,534,521.51",16.86,66749346,91312374,2695677,"33,636.03",19.08,1699590,2325021,46904,"252,925.52",10885056,14890638,581711,
PCS2019,50,gDNA,3,,"523,701.79",17.06,,,,"1,274,940.99",17.14,,,,"33,636.03",19.08,,,,"226,363.28",,,,
PCS2019,50,gDNA,3,,"662,688.84",16.71,,,,"1,417,360.45",16.98,,,,"32,107.57",19.15,,,,"230,363.89",,,,
PCS2019,50,gDNA,3,,"499,618.99",17.13,,,,"1,353,192.51",17.05,,,,"36,427.45",18.96,,,,"197,913.20",,,,
PCS2019,50,gDNA,3,,,,,,,"1,380,329.45",17.02,,,,"37,408.49",18.92,,,,"223,734.89",,,,
PCS2019,50,gDNA,3,,,,,,,"1,309,144.66",17.1,,,,"32,537.04",19.13,,,,"199,072.33",,,,
PCS2019,50,gDNA,3,,,,,,,"1,201,214.54",17.23,,,,"33,860.25",19.07,,,,"233,070.17",,,,
PCS2019,50,gDNA,3,,,,,,,"1,209,191.18",17.22,,,,"32,321.59",19.14,,,,"178,165.76",,,,
BIOS2020,D4,gDNA,4,0.49,"5,856,344.47",13.47,259002101,531286361,86796,"927,938.94",17.62,54802049,112414459,10129521,"8,390.14",21.17,347642,713112,65464,"176,097.00",7218331,14806832,1512302,
BIOS2020,D4,gDNA,4,,"4,950,035.69",13.72,,,,"818,287.67",17.81,,,,"6,965.94",21.45,,,,"189,986.08",,,,
BIOS2020,D4,gDNA,4,,"5,438,743.39",13.58,,,,"885,928.51",17.69,,,,"7,594.33",21.32,,,,"156,685.63",,,,
BIOS2020,D4,gDNA,4,,"4,475,044.51",13.87,,,,"1,380,329.45",17.02,,,,"4,176.47",22.22,,,,"185,599.68",,,,
BIOS2020,D4,gDNA,4,,,,,,,"1,309,144.66",17.1,,,,"10,105.52",20.89,,,,"123,323.95",,,,
BIOS2020,D4,gDNA,4,,,,,,,"1,371,223.87",17.03,,,,"5,707.16",21.75,,,,"107,196.37",,,,
BIOS2020,D4,gDNA,4,,,,,,,"1,344,265.95",17.06,,,,"6,783.26",21.49,,,,"145,231.01",,,,
BIOS2020,D4,gDNA,4,,,,,,,"731,208.77",17.98,,,,"5,899.93",21.7,,,,"70,813.18",,,,
BIOS2020,R6,cDNA,5,2.8,"9,314,447.02",12.78,86539855037,30907091085,1038,"20,820,076.58",12.92,1.78E+11,63468414690,2572285443,18.34,30.39,208482,74458,3712,167.96,1342101,479322,28167,
BIOS2020,R6,cDNA,5,,"7,926,099.58",13.02,,,,"17,880,158.78",13.15,,,,23.3,30.03,,,,128.39,,,,
BIOS2020,R6,cDNA,5,,"8,534,686.43",12.91,,,,"17,880,158.78",13.15,,,,22.99,30.05,,,,138.52,,,,
BIOS2020,R6,cDNA,5,,"8,308,156.03",12.95,,,,"15,355,374.74",13.38,,,,23.46,30.02,,,,109.03,,,,
BIOS2020,R6,cDNA,5,,,,,,,"19,486,705.90",13.02,,,,20.67,30.21,,,,132.2,,,,
BIOS2020,R6,cDNA,5,,,,,,,"15,053,491.86",13.41,,,,15.03,30.69,,,,122.53,,,,
BIOS2020,R6,cDNA,5,,,,,,,"17,528,639.27",13.18,,,,19.47,30.3,,,,155.68,,,,
BIOS2020,R6,cDNA,5,,,,,,,"15,977,423.79",13.32,,,,20.95,30.19,,,,102.84,,,,
PCS2019,100,gDNA,6,0.69,"890,885.39",16.27,52287979,75462519,16853,"3,306,755.82",15.7,149773911,216155161,7689251,"52,845.46",18.4,2341411,3379147,128624,"356,964.40",17305963,24976134,706178,
PCS2019,100,gDNA,6,,"965,763.11",16.15,,,,"3,263,272.56",15.72,,,,"44,167.58",18.67,,,,"312,099.94",,,,
PCS2019,100,gDNA,6,,"1,272,391.02",15.74,,,,"2,916,008.14",15.89,,,,"44,167.58",18.67,,,,"342,666.72",,,,
PCS2019,100,gDNA,6,,"1,053,998.81",16.02,,,,"2,954,864.09",15.87,,,,"51,459.59",18.44,,,,"313,927.84",,,,
PCS2019,100,gDNA,6,,,,,,,"3,350,818.51",15.68,,,,"50,780.35",18.46,,,,"401,187.79",,,,
PCS2019,100,gDNA,6,,,,,,,"2,974,485.80",15.86,,,,"45,963.77",18.61,,,,"346,692.31",,,,
PCS2019,100,gDNA,6,,,,,,,"2,504,250.57",16.12,,,,"37,408.49",18.92,,,,"348,722.80",,,,
PCS2019,100,gDNA,6,,,,,,,"2,693,370.27",16.01,,,,"47,833.00",18.55,,,,"346,692.31",,,,
BIOS2020,D2,gDNA,7,0.43,"305,791.60",17.86,14773237,34581547,2434,"927,938.94",17.62,41439432,97002416,4142004,"9,455.96",20.99,490031,1147076,24963,"110,372.47",6080970,14234479,347635,
BIOS2020,D2,gDNA,7,,"274,595.77",18.02,,,,"818,287.67",17.81,,,,"10,240.70",20.87,,,,"121,891.98",,,,
BIOS2020,D2,gDNA,7,,"295,679.96",17.91,,,,"885,928.51",17.69,,,,"9,906.10",20.92,,,,"124,046.23",,,,
BIOS2020,D2,gDNA,7,,"305,791.60",17.86,,,,"636,325.34",18.19,,,,"8,502.37",21.15,,,,"126,977.90",,,,
BIOS2020,D2,gDNA,7,,,,,,,"897,733.55",17.67,,,,"10,240.70",20.87,,,,"126,977.90",,,,
BIOS2020,D2,gDNA,7,,,,,,,"829,191.39",17.79,,,,"10,377.68",20.85,,,,"133,050.73",,,,
BIOS2020,D2,gDNA,7,,,,,,,"903,694.93",17.66,,,,"9,906.10",20.92,,,,"121,182.25",,,,
BIOS2020,D2,gDNA,7,,,,,,,"731,208.77",17.98,,,,"9,775.35",20.94,,,,"108,455.69",,,,
PCS2019,106,gDNA,8,0.7,"742,954.28",16.54,36011468,51570197,6067,"3,395,468.33",15.66,150549330,215594057,11725765,"69,391.53",17.99,3149340,4510009,107586,"515,705.45",25971605,37192617,1425471,
PCS2019,106,gDNA,8,,"671,662.53",16.69,,,,"2,657,952.92",16.03,,,,"61,162.48",18.18,,,,"515,705.45",,,,
PCS2019,106,gDNA,8,,"794,638.13",16.44,,,,"2,554,470.83",16.09,,,,"60,757.48",18.19,,,,"540,369.52",,,,
PCS2019,106,gDNA,8,,"671,662.53",16.69,,,,"2,693,370.27",16.01,,,,"56,852.08",18.29,,,,"461,546.08",,,,
PCS2019,106,gDNA,8,,,,,,,"3,901,771.72",15.45,,,,"67,124.30",18.04,,,,"618,047.80",,,,
PCS2019,106,gDNA,8,,,,,,,"3,199,117.42",15.75,,,,"62,809.66",18.14,,,,"572,864.94",,,,
PCS2019,106,gDNA,8,,,,,,,"2,974,485.80",15.86,,,,"66,238.29",18.06,,,,"466,968.24",,,,
PCS2019,106,gDNA,8,,,,,,,"2,711,255.53",16,,,,"59,558.50",18.22,,,,"464,249.24",,,,
BIOS2020,D5,gDNA,9,0.41,"552,649.66",16.98,27415114,66252089,3425,"1,426,772.40",16.97,67110375,162180703,4322278,"16,089.12",20.19,854168,2064204,84552,"237,189.31",11876367,28700741,577638,
BIOS2020,D5,gDNA,9,,"567,718.22",16.94,,,,"1,436,246.85",16.96,,,,"20,572.63",19.82,,,,"233,070.17",,,,
BIOS2020,D5,gDNA,9,,"520,191.59",17.07,,,,"1,335,398.27",17.07,,,,"17,657.41",20.05,,,,"244,216.95",,,,
BIOS2020,D5,gDNA,9,,"552,649.66",16.98,,,,"1,266,530.62",17.15,,,,"18,012.88",20.02,,,,"249,988.69",,,,
BIOS2020,D5,gDNA,9,,,,,,,"1,417,360.45",16.98,,,,"17,194.35",20.09,,,,"258,903.07",,,,
BIOS2020,D5,gDNA,9,,,,,,,"1,300,508.67",17.11,,,,"17,424.34",20.07,,,,"230,363.89",,,,
BIOS2020,D5,gDNA,9,,,,,,,"1,408,010.59",16.99,,,,"16,089.12",20.19,,,,"231,713.08",,,,
BIOS2020,D5,gDNA,9,,,,,,,"1,146,832.14",17.3,,,,"13,626.96",20.44,,,,"214,773.52",,,,
PCS2019,80,gDNA,10,0.7,"636,480.74",16.77,29499307,41860801,6722,"1,344,265.95",17.06,70626030,100221413,2151743,"31,894.96",19.16,1561207,2215420,62193,"297,854.77",12680139,17993670,776862,
PCS2019,80,gDNA,10,,"658,247.05",16.72,,,,"1,353,192.51",17.05,,,,"33,192.05",19.1,,,,"242,794.96",,,,
PCS2019,80,gDNA,10,,"527,235.68",17.05,,,,"1,335,398.27",17.07,,,,"31,683.76",19.17,,,,"257,395.57",,,,
PCS2019,80,gDNA,10,,"537,981.06",17.02,,,,"1,389,495.49",17.01,,,,"32,107.57",19.15,,,,"227,689.04",,,,
PCS2019,80,gDNA,10,,,,,,,"1,596,685.26",16.8,,,,"28,299.97",19.34,,,,"255,896.84",,,,
PCS2019,80,gDNA,10,,,,,,,"1,455,384.91",16.94,,,,"34,772.14",19.03,,,,"299,599.24",,,,
PCS2019,80,gDNA,10,,,,,,,"1,436,246.85",16.96,,,,"30,648.56",19.22,,,,"229,022.56",,,,
PCS2019,80,gDNA,10,,,,,,,"1,389,495.49",17.01,,,,"27,194.06",19.4,,,,"218,569.29",,,,
PCS2019,70,gDNA,11,0.75,"694,631.98",16.64,29047021,38621222,7272,"2,896,772.19",15.9,121496321,161542774,4877155,"74,652.64",17.88,3629543,4825879,155151,"261,944.62",11899257,15821376,776971,
PCS2019,70,gDNA,11,,"563,913.00",16.95,,,,"2,282,634.27",16.26,,,,"69,854.09",17.98,,,,"221,137.01",,,,
PCS2019,70,gDNA,11,,"537,981.06",17.02,,,,"2,390,876.02",16.19,,,,"81,386.91",17.75,,,,"268,135.33",,,,
PCS2019,70,gDNA,11,,"527,235.68",17.05,,,,"2,375,104.20",16.2,,,,"65,799.68",18.07,,,,"222,432.15",,,,
PCS2019,70,gDNA,11,,,,,,,"2,520,879.99",16.11,,,,"64,931.15",18.09,,,,"245,647.27",,,,
PCS2019,70,gDNA,11,,,,,,,"2,252,618.02",16.28,,,,"68,932.04",18,,,,"199,072.33",,,,
PCS2019,70,gDNA,11,,,,,,,"2,422,734.56",16.17,,,,"82,475.55",17.73,,,,"287,599.23",,,,
PCS2019,70,gDNA,11,,,,,,,"2,297,792.04",16.25,,,,"72,694.88",17.92,,,,"197,913.20",,,,
BIOS2020,D3,gDNA,12,0.38,"502,990.37",17.12,25620255,66981059,6548,"572,385.98",18.35,17646081,46133546,9179365,275.87,26.31,8887,23233,2708,962.75,41975,109738,9658,Outlier
BIOS2020,D3,gDNA,12,,"563,913.00",16.95,,,,"557,431.41",18.39,,,,152.73,27.2,,,,731.67,,,,
BIOS2020,D3,gDNA,12,,"499,618.99",17.13,,,,"504,749.15",18.54,,,,144.82,27.28,,,,"1,201.96",,,,
BIOS2020,D3,gDNA,12,,"483,098.05",17.18,,,,"355,412.72",19.07,,,,157.88,27.15,,,,851.64,,,,
BIOS2020,D3,gDNA,12,,,,,,,"251,921.21",19.59,,,,263.34,26.38,,,,856.63,,,,
BIOS2020,D3,gDNA,12,,,,,,,"23,719.62",23.16,,,,169.85,27.04,,,,929.6,,,,
BIOS2020,D3,gDNA,12,,,,,,,"149,344.07",20.38,,,,135.51,27.38,,,,503.5,,,,
BIOS2020,D3,gDNA,12,,,,,,,"408,408.85",18.86,,,,121.85,27.54,,,,678.18,,,,
PCS2019,5,gDNA,13,0.7,"946,473.41",16.18,45920513,65835861,1963,"4,727,365.09",15.16,218389933,313103846,7460146,"152,989.47",16.8,7219407,10350404,240745,"521,763.87",21662241,31056976,1058466,Outlier
PCS2019,5,gDNA,13,,"902,949.16",16.25,,,,"4,280,586.78",15.31,,,,"149,970.40",16.83,,,,"420,374.95",,,,
PCS2019,5,gDNA,13,,"909,042.17",16.24,,,,"4,790,357.46",15.14,,,,"130,440.80",17.04,,,,"432,830.17",,,,
PCS2019,5,gDNA,13,,"915,176.29",16.23,,,,"4,113,930.69",15.37,,,,"155,035.88",16.78,,,,"437,914.98",,,,
PCS2019,5,gDNA,13,,,,,,,"4,573,484.35",15.21,,,,"133,066.73",17.01,,,,"432,830.17",,,,
PCS2019,5,gDNA,13,,,,,,,"4,224,297.80",15.33,,,,"137,561.27",16.96,,,,"403,537.45",,,,
PCS2019,5,gDNA,13,,,,,,,"3,980,017.89",15.42,,,,"150,970.08",16.82,,,,"440,479.75",,,,
PCS2019,5,gDNA,13,,,,,,,"4,252,349.15",15.32,,,,"145,070.42",16.88,,,,"376,227.18",,,,
PCS2019,40,gDNA,14,0.69,"374,151.50",17.56,17750587,25677111,2118,"1,124,285.70",17.33,57196333,82737354,2177128,"33,192.05",19.1,1760666,2546891,58936,"89,445.75",4302339,6223548,264077,
PCS2019,40,gDNA,14,,"347,471.71",17.67,,,,"1,139,266.87",17.31,,,,"39,713.50",18.83,,,,"94,272.49",,,,
PCS2019,40,gDNA,14,,"369,152.68",17.58,,,,"1,249,875.96",17.17,,,,"32,972.26",19.11,,,,"98,205.99",,,,
PCS2019,40,gDNA,14,,"329,271.09",17.75,,,,"1,102,182.53",17.36,,,,"34,772.14",19.03,,,,"75,071.57",,,,
PCS2019,40,gDNA,14,,,,,,,"1,258,175.73",17.16,,,,"35,946.63",18.98,,,,"94,272.49",,,,
PCS2019,40,gDNA,14,,,,,,,"1,193,290.52",17.24,,,,"37,160.78",18.93,,,,"75,071.57",,,,
PCS2019,40,gDNA,14,,,,,,,"1,018,030.64",17.48,,,,"34,313.17",19.05,,,,"89,969.62",,,,
PCS2019,40,gDNA,14,,,,,,,"1,066,305.32",17.41,,,,"33,636.03",19.08,,,,"72,064.69",,,,
PCS2019,71,cDNA,15,2.9,"21,589,793.87",11.53,1.20E+11,41414747115,5529,"25,561,620.77",12.61,1.62E+11,55875658157,2517469342,86.83,28.05,545648,188466,10881,123.97,485798,167794,20457,
PCS2019,71,cDNA,15,,"16,386,964.41",11.94,,,,"23,609,985.33",12.73,,,,80.71,28.16,,,,65.98,,,,
PCS2019,71,cDNA,15,,"16,386,964.41",11.94,,,,"26,247,379.12",12.57,,,,78.59,28.2,,,,71.6,,,,
PCS2019,71,cDNA,15,,"16,168,027.82",11.96,,,,"22,993,133.47",12.77,,,,71.61,28.34,,,,45.94,,,,
PCS2019,71,cDNA,15,,,,,,,"28,043,346.37",12.47,,,,107.4,27.73,,,,61.88,,,,
PCS2019,71,cDNA,15,,,,,,,"23,766,766.88",12.72,,,,66.56,28.45,,,,49.85,,,,
PCS2019,71,cDNA,15,,,,,,,"17,998,891.55",13.14,,,,67.9,28.42,,,,86.32,,,,
PCS2019,71,cDNA,15,,,,,,,"22,097,941.79",12.83,,,,82.33,28.13,,,,65.98,,,,
PCS2019,89,cDNA,16,5.08,"784,021.44",16.46,1675514552,329637520,205,"2,954,864.09",15.87,7717283127,1518283485,27696684,41.53,29.16,83465,16421,1449,67.54,140324,27607,4071,
PCS2019,89,cDNA,16,,"591,094.91",16.88,,,,"2,858,680.14",15.92,,,,24.09,29.98,,,,68.74,,,,
PCS2019,89,cDNA,16,,"619,587.06",16.81,,,,"2,693,370.27",16.01,,,,22.54,30.08,,,,19.81,,,,
PCS2019,89,cDNA,16,,"534,375.15",17.03,,,,"3,034,136.17",15.83,,,,28.44,29.73,,,,48.42,,,,
PCS2019,89,cDNA,16,,,,,,,"2,747,383.15",15.98,,,,43.51,29.09,,,,77.25,,,,
PCS2019,89,cDNA,16,,,,,,,"3,014,120.97",15.84,,,,31,29.6,,,,37.45,,,,
PCS2019,89,cDNA,16,,,,,,,"3,136,223.56",15.78,,,,34.94,29.42,,,,74.59,,,,
PCS2019,89,cDNA,16,,,,,,,"2,858,680.14",15.92,,,,25.91,29.87,,,,29.82,,,,
PCS2019,6,cDNA,17,4.74,"276,448.72",18.01,747580875,157637668,24,"1,362,178.36",17.04,4010609882,845692030,23943655,19.87,30.27,74258,15658,883,28.29,121877,25699,5139,
PCS2019,6,cDNA,17,,"251,607.94",18.15,,,,"1,193,290.52",17.24,,,,24.74,29.94,,,,64.84,,,,
PCS2019,6,cDNA,17,,"249,921.49",18.16,,,,"1,514,342.82",16.88,,,,21.95,30.12,,,,33.71,,,,
PCS2019,6,cDNA,17,,"256,735.86",18.12,,,,"1,362,178.36",17.04,,,,22.24,30.1,,,,29.65,,,,
PCS2019,6,cDNA,17,,,,,,,"1,465,049.36",16.93,,,,30.19,29.64,,,,92.04,,,,
PCS2019,6,cDNA,17,,,,,,,"1,514,342.82",16.88,,,,29.99,29.65,,,,33.71,,,,
PCS2019,6,cDNA,17,,,,,,,"1,291,929.64",17.12,,,,29.79,29.66,,,,33.13,,,,
PCS2019,6,cDNA,17,,,,,,,"1,398,722.41",17,,,,26.79,29.82,,,,22.01,,,,
PCS2019,33,cDNA,18,5.01,"10,513,086.59",12.6,50435333867,10057898867,1607,"17,184,030.54",13.21,1.11E+11,22127651232,844990578,107.4,27.73,687940,137190,6871,97.58,526773,105050,5446,
PCS2019,33,cDNA,18,,"7,979,584.09",13.01,,,,"17,413,008.59",13.19,,,,119.44,27.57,,,,104.66,,,,
PCS2019,33,cDNA,18,,"8,364,218.61",12.94,,,,"17,880,158.78",13.15,,,,100.49,27.83,,,,76.8,,,,
PCS2019,33,cDNA,18,,"7,926,099.58",13.02,,,,"20,142,361.06",12.97,,,,125.13,27.5,,,,82.86,,,,
PCS2019,33,cDNA,18,,,,,,,"18,481,759.61",13.1,,,,146.76,27.26,,,,112.26,,,,
PCS2019,33,cDNA,18,,,,,,,"18,977,581.88",13.06,,,,131.08,27.43,,,,74.16,,,,
PCS2019,33,cDNA,18,,,,,,,"19,358,158.50",13.03,,,,122.66,27.53,,,,88.36,,,,
PCS2019,33,cDNA,18,,,,,,,"23,609,985.33",12.73,,,,95.93,27.9,,,,89.92,,,,
BIOS2020,R1,cDNA,19,2.8,"22,328,119.74",11.48,2.28E+11,81560773089,5580,"25,392,999.16",12.62,3.06E+11,1.09E+11,3929722951,25.07,29.92,341107,121824,5506,208.47,2369305,846181,25206,
BIOS2020,R1,cDNA,19,,"20,875,882.27",11.58,,,,"25,561,620.77",12.61,,,,22.69,30.07,,,,201.29,,,,
BIOS2020,R1,cDNA,19,,"14,914,485.34",12.08,,,,"21,520,594.70",12.87,,,,32.48,29.53,,,,174.97,,,,
BIOS2020,R1,cDNA,19,,"16,833,771.81",11.9,,,,"23,145,818.84",12.76,,,,27.88,29.76,,,,178.06,,,,
BIOS2020,R1,cDNA,19,,,,,,,"27,674,581.22",12.49,,,,32.48,29.53,,,,214.65,,,,
BIOS2020,R1,cDNA,19,,,,,,,"25,225,489.88",12.63,,,,25.07,29.92,,,,209.69,,,,
BIOS2020,R1,cDNA,19,,,,,,,"23,145,818.84",12.76,,,,29.99,29.65,,,,175.99,,,,
BIOS2020,R1,cDNA,19,,,,,,,"29,373,152.53",12.4,,,,28.25,29.74,,,,192.11,,,,
PCS2019,109,cDNA,20,3.5,"2,929,485.04",14.5,11506110901,3286521251,1129,"9,347,193.43",14.13,38080575745,10877056768,636416230,221.56,26.64,1049251,299700,9403,336.52,1299632,371217,17176,
PCS2019,109,cDNA,20,,"2,362,261.01",14.82,,,,"8,748,575.38",14.23,,,,263.34,26.38,,,,342.47,,,,
PCS2019,109,cDNA,20,,"2,362,261.01",14.82,,,,"7,513,224.86",14.46,,,,258.14,26.41,,,,277.53,,,,
PCS2019,109,cDNA,20,,"3,419,543.29",14.27,,,,"9,285,533.07",14.14,,,,230.57,26.58,,,,261.79,,,,
PCS2019,109,cDNA,20,,,,,,,"8,297,403.78",14.31,,,,251.37,26.45,,,,295.95,,,,
PCS2019,109,cDNA,20,,,,,,,"9,163,429.92",14.16,,,,281.42,26.28,,,,269.55,,,,
PCS2019,109,cDNA,20,,,,,,,"8,352,502.49",14.3,,,,279.56,26.29,,,,354.68,,,,
PCS2019,109,cDNA,20,,,,,,,"12,590,087.37",13.68,,,,233.65,26.56,,,,363.06,,,,
PCS2019,82,gDNA,21,0.69,"946,473.41",16.18,45449385,65868673,8788,"1,484,571.21",16.91,73838938,107012953,3072231,"40,512.98",18.8,2008301,2910582,150626,"427,804.40",16853276,24425037,1332930,
PCS2019,82,gDNA,21,,"832,941.54",16.37,,,,"1,398,722.41",17,,,,"39,713.50",18.83,,,,"367,540.84",,,,
PCS2019,82,gDNA,21,,"1,012,315.14",16.08,,,,"1,565,294.82",16.83,,,,"30,244.01",19.24,,,,"304,894.17",,,,
PCS2019,82,gDNA,21,,"844,220.68",16.35,,,,"1,565,294.82",16.83,,,,"36,914.71",18.94,,,,"297,854.77",,,,
PCS2019,82,gDNA,21,,,,,,,"1,575,689.12",16.82,,,,"46,270.15",18.6,,,,"334,755.23",,,,
PCS2019,82,gDNA,21,,,,,,,"1,586,152.45",16.81,,,,"36,670.27",18.95,,,,"359,055.05",,,,
PCS2019,82,gDNA,21,,,,,,,"1,380,329.45",17.02,,,,"49,121.20",18.51,,,,"348,722.80",,,,
PCS2019,82,gDNA,21,,,,,,,"1,258,175.73",17.16,,,,"41,881.37",18.75,,,,"255,896.84",,,,
PCS2019,32,gDNA,22,0.69,"451,676.99",17.28,22624942,32567931,4510,"1,883,991.96",16.55,93882818,135141526,3533403,"52,845.46",18.4,2705887,3895043,94489,"338,687.87",12302995,17709796,1032905,
PCS2019,32,gDNA,22,,"408,335.37",17.43,,,,"1,921,773.56",16.52,,,,"45,963.77",18.61,,,,"235,808.23",,,,
PCS2019,32,gDNA,22,,"513,241.62",17.09,,,,"1,798,698.29",16.62,,,,"54,268.65",18.36,,,,"239,975.77",,,,
PCS2019,32,gDNA,22,,"436,741.35",17.33,,,,"1,896,502.57",16.54,,,,"53,909.30",18.37,,,,"254,406.84",,,,
PCS2019,32,gDNA,22,,,,,,,"2,053,270.21",16.42,,,,"56,852.08",18.29,,,,"249,988.69",,,,
PCS2019,32,gDNA,22,,,,,,,"2,053,270.21",16.42,,,,"56,475.62",18.3,,,,"211,043.66",,,,
PCS2019,32,gDNA,22,,,,,,,"1,763,336.32",16.65,,,,"57,996.58",18.26,,,,"225,045.25",,,,
PCS2019,32,gDNA,22,,,,,,,"1,650,407.78",16.75,,,,"54,630.40",18.35,,,,"213,522.96",,,,
PCS2019,101,cDNA,23,3,"2,461.85",25.03,6074237,2023060,1,"9,771.01",24.5,24544673,8174745,208006,2.29,33.52,8534,2842,585,3.09,8267,2753,1677,Outlier
PCS2019,101,cDNA,23,,"2,380.44",25.08,,,,"10,578.70",24.38,,,,0.28,36.69,,,,17.02,,,,
PCS2019,101,cDNA,23,,"2,650.87",24.92,,,,"9,966.96",24.47,,,,2.74,33.25,,,,1.09,,,,
PCS2019,101,cDNA,23,,"2,225.62",25.18,,,,"10,099.77",24.45,,,,5.93,32.09,,,,0.19,,,,
PCS2019,101,cDNA,23,,,,,,,"9,328.65",24.57,,,,2.1,33.65,,,,3.58,,,,
PCS2019,101,cDNA,23,,,,,,,"10,790.85",24.35,,,,5.26,32.27,,,,0.13,,,,
PCS2019,101,cDNA,23,,,,,,,"8,616.41",24.69,,,,5.55,32.19,,,,0.34,,,,
PCS2019,101,cDNA,23,,,,,,,"9,390.60",24.56,,,,3.15,33.04,,,,1.01,,,,
PCS2019,37,cDNA,24,5.02,"6,609,974.41",13.29,24728772532,4927719055,567,"11,706,052.37",13.79,48161093324,9597093303,366282020,58.67,28.64,242350,48293,2659,189.88,446437,88962,9725,
PCS2019,37,cDNA,24,,"5,817,091.33",13.48,,,,"12,507,034.70",13.69,,,,63.54,28.52,,,,115.58,,,,
PCS2019,37,cDNA,24,,"6,221,759.16",13.38,,,,"12,842,569.11",13.65,,,,77.55,28.22,,,,82.38,,,,
PCS2019,37,cDNA,24,,"5,895,862.48",13.46,,,,"12,673,691.55",13.67,,,,62.7,28.54,,,,101.06,,,,
PCS2019,37,cDNA,24,,,,,,,"12,590,087.37",13.68,,,,63.96,28.51,,,,117.63,,,,
PCS2019,37,cDNA,24,,,,,,,"11,400,211.43",13.83,,,,53.82,28.77,,,,96.44,,,,
PCS2019,37,cDNA,24,,,,,,,"9,042,932.40",14.18,,,,55.27,28.73,,,,96.44,,,,
PCS2019,37,cDNA,24,,,,,,,"12,842,569.11",13.65,,,,45.58,29.02,,,,86.82,,,,
PCS2019,102,gDNA,25,0.7,"1,173,739.77",15.86,58917737,83856727,4604,"2,858,680.14",15.92,154113320,219347167,8150019,"65,363.97",18.08,3142236,4472297,56559,"593,292.81",25592651,36425635,1653276,
PCS2019,102,gDNA,25,,"1,127,320.57",15.92,,,,"3,418,015.86",15.65,,,,"61,162.48",18.18,,,,"464,249.24",,,,
PCS2019,102,gDNA,25,,"1,238,618.81",15.78,,,,"3,136,223.56",15.78,,,,"65,799.68",18.07,,,,"530,985.21",,,,
PCS2019,102,gDNA,25,,"1,173,739.77",15.86,,,,"3,034,136.17",15.83,,,,"62,393.75",18.15,,,,"489,301.41",,,,
PCS2019,102,gDNA,25,,,,,,,"3,556,480.31",15.59,,,,"60,757.48",18.19,,,,"614,449.12",,,,
PCS2019,102,gDNA,25,,,,,,,"3,014,120.97",15.84,,,,"62,393.75",18.15,,,,"509,717.38",,,,
PCS2019,102,gDNA,25,,,,,,,"3,136,223.56",15.78,,,,"59,955.51",18.21,,,,"472,454.10",,,,
PCS2019,102,gDNA,25,,,,,,,"2,504,250.57",16.12,,,,"64,931.15",18.09,,,,"420,374.95",,,,
PCS2019,105,cDNA,26,4.25,"12,691,434.69",12.32,64022146003,15053054479,2059,"35,353,584.86",12.12,1.86E+11,43788830037,1374308377,317.17,26.1,1906689,448306,16841,453.27,2664835,626563,22278,
PCS2019,105,cDNA,26,,"10,029,634.85",12.67,,,,"33,309,181.05",12.21,,,,338.96,26,,,,503.5,,,,
PCS2019,105,cDNA,26,,"11,786,440.66",12.43,,,,"32,012,354.68",12.27,,,,323.56,26.07,,,,466.7,,,,
PCS2019,105,cDNA,26,,"10,029,634.85",12.67,,,,"32,224,931.97",12.26,,,,294.82,26.21,,,,435.11,,,,
PCS2019,105,cDNA,26,,,,,,,"31,591,397.76",12.29,,,,408.26,25.72,,,,524.51,,,,
PCS2019,105,cDNA,26,,,,,,,"37,030,040.09",12.05,,,,298.77,26.19,,,,371.64,,,,
PCS2019,105,cDNA,26,,,,,,,"28,605,727.93",12.44,,,,332.27,26.03,,,,486.17,,,,
PCS2019,105,cDNA,26,,,,,,,"28,986,900.66",12.42,,,,338.96,26,,,,466.7,,,,
PCS2019,104,gDNA,27,0.71,"985,445.94",16.12,52330674,73653306,6371,"2,729,259.56",15.99,148049953,208374318,6131791,"54,630.40",18.35,2737459,3852863,175183,"472,454.10",26279171,36986870,1336123,
PCS2019,104,gDNA,27,,"1,046,934.20",16.03,,,,"2,858,680.14",15.92,,,,"50,780.35",18.46,,,,"495,049.63",,,,
PCS2019,104,gDNA,27,,"1,134,927.62",15.91,,,,"3,014,120.97",15.84,,,,"56,475.62",18.3,,,,"480,803.97",,,,
PCS2019,104,gDNA,27,,"1,019,146.14",16.07,,,,"2,783,992.16",15.96,,,,"59,955.51",18.21,,,,"506,749.47",,,,
PCS2019,104,gDNA,27,,,,,,,"3,418,015.86",15.65,,,,"61,162.48",18.18,,,,"603,778.31",,,,
PCS2019,104,gDNA,27,,,,,,,"3,241,745.82",15.73,,,,"52,495.53",18.41,,,,"610,871.39",,,,
PCS2019,104,gDNA,27,,,,,,,"2,821,088.99",15.94,,,,"40,512.98",18.8,,,,"534,095.06",,,,
PCS2019,104,gDNA,27,,,,,,,"2,821,088.99",15.94,,,,"61,980.60",18.16,,,,"500,865.39",,,,
PCS2019,7,gDNA,28,0.72,"784,021.44",16.46,37895358,52283883,4578,"2,222,996.48",16.3,107853931,148805092,3626298,"54,994.56",18.34,2690947,3712676,141917,"180,258.82",8787674,12124274,319024,
PCS2019,7,gDNA,28,,"718,386.95",16.59,,,,"2,026,270.06",16.44,,,,"52,147.92",18.42,,,,"164,179.26",,,,
PCS2019,7,gDNA,28,,"810,833.34",16.41,,,,"2,313,050.48",16.24,,,,"48,472.82",18.53,,,,"163,223.30",,,,
PCS2019,7,gDNA,28,,"718,386.95",16.59,,,,"2,208,332.10",16.31,,,,"53,552.33",18.38,,,,"187,780.07",,,,
PCS2019,7,gDNA,28,,,,,,,"2,136,448.56",16.36,,,,"54,630.40",18.35,,,,"170,033.75",,,,
PCS2019,7,gDNA,28,,,,,,,"2,313,050.48",16.24,,,,"45,659.41",18.62,,,,"188,879.86",,,,
PCS2019,7,gDNA,28,,,,,,,"2,164,916.84",16.34,,,,"55,730.17",18.32,,,,"192,218.00",,,,
PCS2019,7,gDNA,28,,,,,,,"1,871,563.89",16.56,,,,"65,363.97",18.08,,,,"159,454.80",,,,
PCS2019,57,cDNA,29,4.94,"3,757,148.36",14.13,11451007271,2318533939,568,"9,163,429.92",14.16,30752747782,6226639086,199154735,192.71,26.85,485602,98322,3521,119.71,425106,86073,8730,
PCS2019,57,cDNA,29,,"3,808,025.14",14.11,,,,"10,322,789.42",13.98,,,,175.59,26.99,,,,106.51,,,,
PCS2019,57,cDNA,29,,"4,128,084.55",13.99,,,,"10,599,725.66",13.94,,,,153.74,27.19,,,,142.63,,,,
PCS2019,57,cDNA,29,,"3,373,856.78",14.29,,,,"9,790,434.24",14.06,,,,154.77,27.18,,,,129.9,,,,
PCS2019,57,cDNA,29,,,,,,,"10,599,725.66",13.94,,,,148.72,27.24,,,,177.02,,,,
PCS2019,57,cDNA,29,,,,,,,"11,176,086.09",13.86,,,,144.82,27.28,,,,221.01,,,,
PCS2019,57,cDNA,29,,,,,,,"10,812,292.66",13.91,,,,150.71,27.22,,,,109.67,,,,
PCS2019,57,cDNA,29,,,,,,,"8,463,800.00",14.28,,,,156.84,27.16,,,,112.26,,,,
PCS2019,30,gDNA,30,0.73,"878,982.79",16,42231493,57551776,2916,"2,313,050.48",16.24,100289156,136670968,4561211,"75,150.27",17.87,2696708,3674991,508245,"218,569.29",10557110,14386904,332840,
PCS2019,30,gDNA,30,,"805,398.59",16,,,,"1,986,434.09",16.47,,,,"61,980.60",18.16,,,,"230,363.89",,,,
PCS2019,30,gDNA,30,,"849,917.39",16,,,,"2,080,630.13",16.4,,,,"57,996.58",18.26,,,,"184,519.00",,,,
PCS2019,30,gDNA,30,,"844,220.68",16,,,,"1,896,502.57",16.54,,,,"57,612.54",18.27,,,,"208,593.14",,,,
PCS2019,30,gDNA,30,,,,,,,"2,150,635.60",16.35,,,,"60,757.48",18.19,,,,"206,171.08",,,,
PCS2019,30,gDNA,30,,,,,,,"2,080,630.13",16.4,,,,"67,124.30",18.04,,,,"223,734.89",,,,
PCS2019,30,gDNA,30,,,,,,,"1,775,045.72",16.64,,,,"44,461.99",18.66,,,,"208,593.14",,,,
PCS2019,30,gDNA,30,,,,,,,"1,763,336.32",16.65,,,,"6,389.55",21.58,,,,"208,593.14",,,,
BIOS2020,R8,cDNA,31,2.8,"19,649,805.54",11.67,2.55E+11,91183967908,4567,"16,190,323.75",13.3,1.73E+11,61893172558,3010444536,18.71,30.36,295487,105531,13240,194.36,1669521,596257,39281,
BIOS2020,R8,cDNA,31,,"21,158,569.47",11.56,,,,"16,297,835.21",13.29,,,,13.25,30.88,,,,126.9,,,,
BIOS2020,R8,cDNA,31,,"19,649,805.54",11.67,,,,"16,406,060.61",13.28,,,,21.66,30.14,,,,153.87,,,,
BIOS2020,R8,cDNA,31,,"25,542,698.65",11.28,,,,"12,020,098.31",13.75,,,,29.4,29.68,,,,110.31,,,,
BIOS2020,R8,cDNA,31,,,,,,,"16,190,323.75",13.3,,,,25.91,29.87,,,,136.91,,,,
BIOS2020,R8,cDNA,31,,,,,,,"11,862,036.09",13.77,,,,23.3,30.03,,,,137.71,,,,
BIOS2020,R8,cDNA,31,,,,,,,"14,855,541.05",13.43,,,,43.22,29.1,,,,116.94,,,,
BIOS2020,R8,cDNA,31,,,,,,,"12,927,849.89",13.64,,,,23.61,30.01,,,,147.71,,,,
PCS2019,31,cDNA,32,5.01,"3,859,590.87",14.09,13587273089,2713547110,1131,"9,790,434.24",14.06,38450512134,7679044603,502155006,22.54,30.08,93984,18770,1579,29.3,92226,18419,1382,
PCS2019,31,cDNA,32,,"3,112,274.30",14.41,,,,"9,163,429.92",14.16,,,,12.15,31.01,,,,17.63,,,,
PCS2019,31,cDNA,32,,"2,315,078.32",14.85,,,,"8,983,279.14",14.19,,,,21.8,30.13,,,,18.15,,,,
PCS2019,31,cDNA,32,,"2,179,109.76",14.94,,,,"4,984,415.72",15.08,,,,18.59,30.37,,,,16.44,,,,
PCS2019,31,cDNA,32,,,,,,,"8,806,670.09",14.22,,,,23.93,29.99,,,,20.05,,,,
PCS2019,31,cDNA,32,,,,,,,"7,365,516.71",14.49,,,,17.74,30.44,,,,17.94,,,,
PCS2019,31,cDNA,32,,,,,,,"8,188,294.35",14.33,,,,26.44,29.84,,,,19.02,,,,
PCS2019,31,cDNA,32,,,,,,,"7,613,338.95",14.44,,,,15.43,30.65,,,,17.12,,,,
PCS2019,107,cDNA,33,3.18,"607,211.72",16.84,2448551834,768920938,102,"2,136,448.56",16.36,7981336484,2506386284,98120868,43.8,29.08,215502,67674,6014,69.95,254590,79949,6961,
PCS2019,107,cDNA,33,,"587,133.00",16.89,,,,"2,208,332.10",16.31,,,,38.86,29.26,,,,65.6,,,,
PCS2019,107,cDNA,33,,"680,757.73",16.67,,,,"2,122,355.11",16.37,,,,63.96,28.51,,,,52.85,,,,
PCS2019,107,cDNA,33,,"632,214.62",16.78,,,,"2,193,764.46",16.32,,,,71.61,28.34,,,,88.87,,,,
PCS2019,107,cDNA,33,,,,,,,"2,108,354.63",16.38,,,,75.52,28.26,,,,48.14,,,,
PCS2019,107,cDNA,33,,,,,,,"1,639,520.58",16.76,,,,44.09,29.07,,,,83.83,,,,
PCS2019,107,cDNA,33,,,,,,,"2,208,332.10",16.31,,,,56.38,28.7,,,,44.62,,,,
PCS2019,107,cDNA,33,,,,,,,"1,728,669.57",16.68,,,,47.12,28.97,,,,67.54,,,,
PCS2019,83,cDNA,34,4.97,"6,097,488.67",13.41,22384034695,4504554998,1631,"15,872,025.98",13.33,60140681204,12102688804,277221956,268.64,26.35,920446,185230,6339,123.25,417070,83931,8276,
PCS2019,83,cDNA,34,,"5,258,899.99",13.63,,,,"14,757,543.92",13.44,,,,223.04,26.63,,,,112.92,,,,
PCS2019,83,cDNA,34,,"7,165,533.89",13.17,,,,"17,070,673.14",13.22,,,,268.64,26.35,,,,145.15,,,,
PCS2019,83,cDNA,34,,"4,916,857.24",13.73,,,,"14,855,541.05",13.43,,,,232.11,26.57,,,,103.45,,,,
PCS2019,83,cDNA,34,,,,,,,"17,298,140.69",13.2,,,,258.14,26.41,,,,94.22,,,,
PCS2019,83,cDNA,34,,,,,,,"14,757,543.92",13.44,,,,233.65,26.56,,,,70.36,,,,
PCS2019,83,cDNA,34,,,,,,,"16,083,521.50",13.31,,,,241.55,26.51,,,,152.09,,,,
PCS2019,83,cDNA,34,,,,,,,"15,254,080.38",13.39,,,,201.88,26.78,,,,72.02,,,,
PCS2019,58,gDNA,35,0.66,"595,083.56",16.87,27840645,42125352,2755,"1,380,329.45",17.02,72772842,110111729,4138008,"47,833.00",18.55,2251515,3406741,116116,"238,578.47",13305157,20131876,1125071,
PCS2019,58,gDNA,35,,"541,611.30",17.01,,,,"1,474,777.98",16.92,,,,"46,270.15",18.6,,,,"290,977.90",,,,
PCS2019,58,gDNA,35,,"548,945.44",16.99,,,,"1,661,367.27",16.74,,,,"49,448.64",18.5,,,,"263,478.77",,,,
PCS2019,58,gDNA,35,,"541,611.30",17.01,,,,"1,217,220.78",17.21,,,,"40,512.98",18.8,,,,"258,903.07",,,,
PCS2019,58,gDNA,35,,,,,,,"1,426,772.40",16.97,,,,"47,516.26",18.56,,,,"338,687.87",,,,
PCS2019,58,gDNA,35,,,,,,,"1,639,520.58",16.76,,,,"45,963.77",18.61,,,,"265,021.90",,,,
PCS2019,58,gDNA,35,,,,,,,"1,534,521.51",16.86,,,,"46,270.15",18.6,,,,"280,959.14",,,,
PCS2019,58,gDNA,35,,,,,,,"1,309,144.66",17.1,,,,"36,427.45",18.96,,,,"192,218.00",,,,
BIOS2020,D8,gDNA,36,0.35,607.78,27.11,138620,392024,573,"965,529.92",17.56,43714318,123626465,7474140,"27,741.50",19.37,1177727,3330676,142896,"181,314.55",9944316,28123065,975674,
BIOS2020,D8,gDNA,36,,"6,751.04",23.53,,,,"978,395.66",17.54,,,,"24,614.67",19.55,,,,"188,879.86",,,,
BIOS2020,D8,gDNA,36,,"2,971.95",24.75,,,,"1,059,271.25",17.42,,,,"21,267.51",19.77,,,,"208,593.14",,,,
BIOS2020,D8,gDNA,36,,758.81,26.78,,,,"765,882.45",17.91,,,,"21,551.98",19.75,,,,"206,171.08",,,,
BIOS2020,D8,gDNA,36,,,,,,,"776,087.87",17.89,,,,"24,289.76",19.57,,,,"234,435.20",,,,
BIOS2020,D8,gDNA,36,,,,,,,"965,529.92",17.56,,,,"23,969.15",19.59,,,,"199,072.33",,,,
BIOS2020,D8,gDNA,36,,,,,,,"880,084.33",17.7,,,,"26,131.36",19.46,,,,"202,590.62",,,,
BIOS2020,D8,gDNA,36,,,,,,,"603,509.49",18.27,,,,"18,870.37",19.95,,,,"170,033.75",,,,
PCS2019,35,cDNA,37,3.26,"65,993.14",20.14,163363450,50077693,19,"154,368.94",20.33,375809839,115201348,3429173,2.32,33.5,11084,3398,698,1.04,25714,7882,2223,
PCS2019,35,cDNA,37,,"71,060.27",20.03,,,,"149,344.07",20.38,,,,6.25,32.01,,,,25.03,,,,
PCS2019,35,cDNA,37,,"56,535.60",20.37,,,,"158,510.30",20.29,,,,2.57,33.35,,,,14.04,,,,
PCS2019,35,cDNA,37,,"67,792.51",20.1,,,,"149,344.07",20.38,,,,5.33,32.25,,,,1.93,,,,
PCS2019,35,cDNA,37,,,,,,,"125,734.33",20.64,,,,4.2,32.61,,,,3.24,,,,
PCS2019,35,cDNA,37,,,,,,,"142,582.84",20.45,,,,1.57,34.09,,,,13.8,,,,
PCS2019,35,cDNA,37,,,,,,,"169,356.31",20.19,,,,3.72,32.79,,,,14.71,,,,
PCS2019,35,cDNA,37,,,,,,,"153,350.62",20.34,,,,9.5,31.38,,,,8.5,,,,
PCS2019,61,cDNA,38,5.04,"230,544.54",18.28,525954036,104393243,45,"557,431.41",18.39,1351453512,268241338,9927465,15.33,30.66,31268,6206,460,7.05,17248,3424,618,
PCS2019,61,cDNA,38,,"188,422.56",18.58,,,,"595,573.45",18.29,,,,16.6,30.54,,,,14.12,,,,
PCS2019,61,cDNA,38,,"228,999.27",18.29,,,,"514,871.39",18.51,,,,9.44,31.39,,,,9.33,,,,
PCS2019,61,cDNA,38,,"193,560.09",18.54,,,,"518,290.39",18.5,,,,10.93,31.17,,,,4.17,,,,
PCS2019,61,cDNA,38,,,,,,,"451,035.76",18.71,,,,12.23,31,,,,4.07,,,,
PCS2019,61,cDNA,38,,,,,,,"619,700.24",18.23,,,,11.68,31.07,,,,7.65,,,,
PCS2019,61,cDNA,38,,,,,,,"491,561.70",18.58,,,,9.69,31.35,,,,4.07,,,,
PCS2019,61,cDNA,38,,,,,,,"576,186.90",18.34,,,,14.16,30.78,,,,4.74,,,,
PCS2019,52,gDNA,39,0.7,"502,990.37",17.12,23715819,33725568,3329,"1,241,630.94",17.18,64007093,91022601,3103301,"47,516.26",18.56,2357640,3352730,125366,"231,713.08",10546340,14997639,388586,
PCS2019,52,gDNA,39,,"502,990.37",17.12,,,,"1,300,508.67",17.11,,,,"48,151.85",18.54,,,,"206,171.08",,,,
PCS2019,52,gDNA,39,,"445,642.40",17.3,,,,"1,455,384.91",16.94,,,,"49,121.20",18.51,,,,"217,296.64",,,,
PCS2019,52,gDNA,39,,"445,642.40",17.3,,,,"1,225,303.71",17.2,,,,"42,160.55",18.74,,,,"200,238.25",,,,
PCS2019,52,gDNA,39,,,,,,,"1,116,869.16",17.34,,,,"47,516.26",18.56,,,,"226,363.28",,,,
PCS2019,52,gDNA,39,,,,,,,"1,426,772.40",16.97,,,,"56,852.08",18.29,,,,"221,137.01",,,,
PCS2019,52,gDNA,39,,,,,,,"1,335,398.27",17.07,,,,"45,659.41",18.62,,,,"195,615.15",,,,
PCS2019,52,gDNA,39,,,,,,,"1,139,266.87",17.31,,,,"40,244.72",18.81,,,,"188,879.86",,,,
PCS2019,51,cDNA,40,5,"11,707,440.06",12.44,30289774258,6055048428,5224,"6,079,193.02",14.78,20271321583,4052319203,62477089,37.59,29.31,183248,36632,2644,80.47,219507,43880,3433,
PCS2019,51,cDNA,40,,"11,628,968.97",12.45,,,,"5,578,004.67",14.91,,,,56.75,28.69,,,,59.75,,,,
PCS2019,51,cDNA,40,,"6,882,150.51",13.23,,,,"6,242,283.51",14.74,,,,55.63,28.72,,,,52.24,,,,
PCS2019,51,cDNA,40,,"6,056,619.22",13.42,,,,"5,842,511.79",14.84,,,,43.8,29.08,,,,56.69,,,,
PCS2019,51,cDNA,40,,,,,,,"6,119,561.76",14.77,,,,47.75,28.95,,,,62.24,,,,
PCS2019,51,cDNA,40,,,,,,,"6,452,313.13",14.69,,,,71.14,28.35,,,,92.04,,,,
PCS2019,51,cDNA,40,,,,,,,"6,039,090.58",14.79,,,,62.29,28.55,,,,50.73,,,,
PCS2019,51,cDNA,40,,,,,,,"6,201,105.22",14.75,,,,63.96,28.51,,,,71.6,,,,
BIOS2020,D1,gDNA,41,0.37,"1,436,130.02",15.56,59080717,158563385,39934,"1,258,175.73",17.16,70987353,190518929,6704387,"15,358.01",20.26,690996,1854526,79006,"272,874.19",12066420,32384381,779671,
BIOS2020,D1,gDNA,41,,"998,790.19",16.1,,,,"1,398,722.41",17,,,,"11,852.42",20.65,,,,"239,975.77",,,,
BIOS2020,D1,gDNA,41,,"1,272,391.02",15.74,,,,"1,683,505.07",16.72,,,,"15,460.39",20.25,,,,"255,896.84",,,,
BIOS2020,D1,gDNA,41,,"1,019,146.14",16.07,,,,"1,344,265.95",17.06,,,,"12,751.04",20.54,,,,"242,794.96",,,,
BIOS2020,D1,gDNA,41,,,,,,,"1,565,294.82",16.83,,,,"15,256.32",20.27,,,,"237,189.31",,,,
BIOS2020,D1,gDNA,41,,,,,,,"1,398,722.41",17,,,,"13,536.73",20.45,,,,"221,137.01",,,,
BIOS2020,D1,gDNA,41,,,,,,,"1,417,360.45",16.98,,,,"14,955.25",20.3,,,,"227,689.04",,,,
BIOS2020,D1,gDNA,41,,,,,,,"1,291,929.64",17.12,,,,"11,389.24",20.71,,,,"233,070.17",,,,
PCS2019,1,gDNA,42,0.74,"763,211.69",16.5,35297326,47750711,5629,"2,729,259.56",15.99,137482509,185988242,2887169,"67,571.74",18.03,2803100,3792073,135391,"242,794.96",15161661,20510904,730856,
PCS2019,1,gDNA,42,,"713,571.84",16.6,,,,"2,623,001.30",16.05,,,,"58,383.18",18.25,,,,"327,026.39",,,,
PCS2019,1,gDNA,42,,"623,767.97",16.8,,,,"2,994,237.80",15.85,,,,"56,101.66",18.31,,,,"308,476.02",,,,
PCS2019,1,gDNA,42,,"723,234.55",16.58,,,,"2,802,479.20",15.95,,,,"53,909.30",18.37,,,,"310,282.69",,,,
PCS2019,1,gDNA,42,,,,,,,"2,623,001.30",16.05,,,,"57,612.54",18.27,,,,"336,715.81",,,,
PCS2019,1,gDNA,42,,,,,,,"2,765,627.08",15.97,,,,"49,778.25",18.49,,,,"284,259.80",,,,
PCS2019,1,gDNA,42,,,,,,,"2,675,602.99",16.02,,,,"55,361.14",18.33,,,,"327,026.39",,,,
PCS2019,1,gDNA,42,,,,,,,"2,783,992.16",15.96,,,,"49,778.25",18.49,,,,"289,283.63",,,,
BIOS2020,R3,cDNA,43,2.8,"10,872,612.20",12.55,1.47E+11,52471238103,1474,"25,902,230.62",12.59,3.23E+11,1.15E+11,2280994479,31.42,29.58,396314,141541,9490,223.6,2212884,790316,45985,
BIOS2020,R3,cDNA,43,,"11,707,440.06",12.44,,,,"27,310,665.27",12.51,,,,36.12,29.37,,,,186.58,,,,
BIOS2020,R3,cDNA,43,,"13,037,479.68",12.28,,,,"27,130,505.78",12.52,,,,37.59,29.31,,,,193.23,,,,
BIOS2020,R3,cDNA,43,,"11,396,697.41",12.48,,,,"25,059,085.61",12.64,,,,31.63,29.57,,,,189.88,,,,
BIOS2020,R3,cDNA,43,,,,,,,"26,074,233.78",12.58,,,,38.35,29.28,,,,177.02,,,,
BIOS2020,R3,cDNA,43,,,,,,,"27,310,665.27",12.51,,,,30.6,29.62,,,,146.85,,,,
BIOS2020,R3,cDNA,43,,,,,,,"23,766,766.88",12.72,,,,28.06,29.75,,,,169.93,,,,
BIOS2020,R3,cDNA,43,,,,,,,"23,924,589.54",12.71,,,,19.87,30.27,,,,129.15,,,,
PCS2019,91,cDNA,44,5.06,"5,700,903.48",13.51,29738426174,5873096904,1255,"18,604,487.30",13.09,90331267485,17839689441,159907389,201.88,26.78,908526,179427,7708,109.67,508951,100514,11919,
PCS2019,91,cDNA,44,,"6,056,619.22",13.42,,,,"19,230,459.09",13.04,,,,197.9,26.81,,,,89.92,,,,
PCS2019,91,cDNA,44,,"7,460,586.02",13.11,,,,"18,604,487.30",13.09,,,,226.02,26.61,,,,114.91,,,,
PCS2019,91,cDNA,44,,"5,512,391.21",13.56,,,,"18,728,029.96",13.08,,,,170.99,27.03,,,,104.66,,,,
PCS2019,91,cDNA,44,,,,,,,"17,880,158.78",13.15,,,,191.43,26.86,,,,185.49,,,,
PCS2019,91,cDNA,44,,,,,,,"18,852,393.00",13.07,,,,155.8,27.17,,,,83.83,,,,
PCS2019,91,cDNA,44,,,,,,,"18,852,393.00",13.07,,,,200.54,26.79,,,,69.14,,,,
PCS2019,91,cDNA,44,,,,,,,"19,486,705.90",13.02,,,,166.5,27.07,,,,88.87,,,,
PCS2019,10,cDNA,45,5.13,"1,805,089.03",15.22,8834695642,1721995057,165,"5,186,335.32",15.02,24548027677,4784724233,112243824,46.81,28.98,201493,39274,1666,53.79,328985,64123,4551,
PCS2019,10,cDNA,45,,"1,879,416.41",15.16,,,,"5,396,434.71",14.96,,,,40.71,29.19,,,,55.38,,,,
PCS2019,10,cDNA,45,,"1,983,302.07",15.08,,,,"5,468,342.47",14.94,,,,49.69,28.89,,,,77.7,,,,
PCS2019,10,cDNA,45,,"2,064,967.66",15.02,,,,"5,689,866.03",14.88,,,,49.04,28.91,,,,64.84,,,,
PCS2019,10,cDNA,45,,,,,,,"5,842,511.79",14.84,,,,46.5,28.99,,,,93.67,,,,
PCS2019,10,cDNA,45,,,,,,,"5,255,443.49",15,,,,46.5,28.99,,,,75.03,,,,
PCS2019,10,cDNA,45,,,,,,,"5,468,342.47",14.94,,,,35.88,29.38,,,,67.15,,,,
PCS2019,10,cDNA,45,,,,,,,"4,665,201.05",15.18,,,,37.59,29.31,,,,88.36,,,,
PCS2019,111,cDNA,46,4.56,"1,904,866.21",15.14,7153981025,1570129496,938,"9,042,932.40",14.18,34889331807,7657382483,119413556,52.75,28.8,206845,45398,2538,324.93,1080751,237199,16701,
PCS2019,111,cDNA,46,,"1,127,320.57",15.92,,,,"8,576,580.55",14.26,,,,43.22,29.1,,,,269.55,,,,
PCS2019,111,cDNA,46,,"2,426,670.48",14.78,,,,"9,347,193.43",14.13,,,,66.12,28.46,,,,245.5,,,,
PCS2019,111,cDNA,46,,"1,866,819.31",15.17,,,,"9,224,279.46",14.15,,,,40.71,29.19,,,,254.26,,,,
PCS2019,111,cDNA,46,,,,,,,"9,409,263.25",14.12,,,,55.27,28.73,,,,269.55,,,,
PCS2019,111,cDNA,46,,,,,,,"8,924,019.40",14.2,,,,60.25,28.6,,,,198.96,,,,
PCS2019,111,cDNA,46,,,,,,,"8,352,502.49",14.3,,,,55.27,28.73,,,,267.98,,,,
PCS2019,111,cDNA,46,,,,,,,"8,576,580.55",14.26,,,,50.02,28.88,,,,382.65,,,,
PCS2019,86,gDNA,47,0.72,"607,211.72",16.84,30360628,42379436,6986,"1,947,381.28",16.5,100656459,140503153,3739062,"33,192.05",19.1,1696809,2368522,46656,"301,353.92",16057707,22414443,352694,
PCS2019,86,gDNA,47,,"595,083.56",16.87,,,,"2,053,270.21",16.42,,,,"35,003.93",19.02,,,,"310,282.69",,,,
PCS2019,86,gDNA,47,,"699,319.29",16.63,,,,"2,066,904.90",16.41,,,,"36,427.45",18.96,,,,"313,927.84",,,,
PCS2019,86,gDNA,47,,"527,235.68",17.05,,,,"1,909,096.25",16.53,,,,"34,772.14",19.03,,,,"344,673.64",,,,
PCS2019,86,gDNA,47,,,,,,,"2,179,292.92",16.33,,,,"34,772.14",19.03,,,,"323,229.15",,,,
PCS2019,86,gDNA,47,,,,,,,"2,164,916.84",16.34,,,,"33,192.05",19.1,,,,"336,715.81",,,,
PCS2019,86,gDNA,47,,,,,,,"2,066,904.90",16.41,,,,"34,085.95",19.06,,,,"325,122.23",,,,
PCS2019,86,gDNA,47,,,,,,,"1,717,266.10",16.69,,,,"30,043.74",19.25,,,,"313,927.84",,,,
PCS2019,2,cDNA,48,4.99,"10,234,044.85",12.64,89410180095,17905312926,440,"25,392,999.16",12.62,2.18E+11,43725616941,655384305,121.85,27.54,985276,197312,8942,308.3,2628137,526312,27536,
PCS2019,2,cDNA,48,,"11,094,202.59",12.52,,,,"25,059,085.61",12.64,,,,121.04,27.55,,,,352.61,,,,
PCS2019,2,cDNA,48,,"10,513,086.59",12.6,,,,"26,773,744.33",12.54,,,,102.52,27.8,,,,215.91,,,,
PCS2019,2,cDNA,48,,"10,234,044.85",12.64,,,,"24,083,460.21",12.7,,,,100.49,27.83,,,,338.49,,,,
PCS2019,2,cDNA,48,,,,,,,"25,561,620.77",12.61,,,,130.22,27.44,,,,271.13,,,,
PCS2019,2,cDNA,48,,,,,,,"25,392,999.16",12.62,,,,135.51,27.38,,,,321.16,,,,
PCS2019,2,cDNA,48,,,,,,,"27,674,581.22",12.49,,,,121.04,27.55,,,,348.52,,,,
PCS2019,2,cDNA,48,,,,,,,"25,561,620.77",12.61,,,,94.66,27.92,,,,317.43,,,,
PCS2019,41,cDNA,49,5.01,"4,505,241.66",13.86,31618601950,6312106115,451,"10,460,341.10",13.96,79293184820,15829510664,448093397,39.38,29.24,275491,54997,3648,115.58,598535,119487,7976,
PCS2019,41,cDNA,49,,"4,445,049.77",13.88,,,,"11,029,122.49",13.88,,,,41.81,29.15,,,,69.54,,,,
PCS2019,41,cDNA,49,,"5,017,065.75",13.7,,,,"11,250,300.63",13.85,,,,45.28,29.03,,,,63.34,,,,
PCS2019,41,cDNA,49,,"4,100,415.36",14,,,,"10,322,789.42",13.98,,,,38.35,29.28,,,,90.44,,,,
PCS2019,41,cDNA,49,,,,,,,"13,100,114.12",13.62,,,,51.03,28.85,,,,93.12,,,,
PCS2019,41,cDNA,49,,,,,,,"10,812,292.66",13.91,,,,37.84,29.3,,,,76.8,,,,
PCS2019,41,cDNA,49,,,,,,,"11,783,786.14",13.78,,,,35.41,29.4,,,,85.81,,,,
PCS2019,41,cDNA,49,,,,,,,"11,862,036.09",13.77,,,,25.74,29.88,,,,89.39,,,,
PCS2019,88,gDNA,50,0.73,"737,974.50",16.55,33080893,45484522,6181,"2,504,250.57",16.12,121818892,167494695,7489954,"41,328.55",18.77,2090470,2874288,61351,"376,227.18",17527528,24099447,510626,
PCS2019,88,gDNA,50,,"689,976.09",16.65,,,,"2,390,876.02",16.19,,,,"40,783.04",18.79,,,,"350,765.19",,,,
PCS2019,88,gDNA,50,,"607,211.72",16.84,,,,"2,455,017.62",16.15,,,,"44,461.99",18.66,,,,"321,347.10",,,,
PCS2019,88,gDNA,50,,"611,309.13",16.83,,,,"2,164,916.84",16.34,,,,"38,415.94",18.88,,,,"376,227.18",,,,
PCS2019,88,gDNA,50,,,,,,,"2,375,104.20",16.2,,,,"43,295.98",18.7,,,,"338,687.87",,,,
PCS2019,88,gDNA,50,,,,,,,"3,115,534.93",15.79,,,,"42,160.55",18.74,,,,"348,722.80",,,,
PCS2019,88,gDNA,50,,,,,,,"2,390,876.02",16.19,,,,"45,357.06",18.63,,,,"365,400.78",,,,
PCS2019,88,gDNA,50,,,,,,,"2,094,446.51",16.39,,,,"38,672.02",18.87,,,,"327,026.39",,,,
PCS2019,108,gDNA,51,0.71,"579,288.66",16.91,26404261,37257317,3511,"3,115,534.93",15.79,136930681,193213886,6069574,"74,652.64",17.88,3435854,4848108,133332,"359,055.05",18382708,25938631,684314,
PCS2019,108,gDNA,51,,"513,241.62",17.09,,,,"2,438,822.67",16.16,,,,"61,570.18",18.17,,,,"350,765.19",,,,
PCS2019,108,gDNA,51,,"520,191.59",17.07,,,,"2,657,952.92",16.03,,,,"68,475.59",18.01,,,,"401,187.79",,,,
PCS2019,108,gDNA,51,,"499,618.99",17.13,,,,"2,554,470.83",16.09,,,,"64,931.15",18.09,,,,"401,187.79",,,,
PCS2019,108,gDNA,51,,,,,,,"2,747,383.15",15.98,,,,"72,213.52",17.93,,,,"361,157.95",,,,
PCS2019,108,gDNA,51,,,,,,,"2,504,250.57",16.12,,,,"61,980.60",18.16,,,,"374,036.53",,,,
PCS2019,108,gDNA,51,,,,,,,"2,916,008.14",15.89,,,,"74,652.64",17.88,,,,"376,227.18",,,,
PCS2019,108,gDNA,51,,,,,,,"2,974,485.80",15.86,,,,"71,260.33",17.95,,,,"317,615.80",,,,
PCS2019,103,cDNA,52,4.16,"11,628,968.97",12.45,71383961860,17151360370,2481,"36,785,765.08",12.06,2.86E+11,68791657047,1698006087,211.49,26.71,1565501,376141,9948,164.08,1182988,284236,18339,
PCS2019,103,cDNA,52,,"8,477,481.25",12.92,,,,"35,120,368.87",12.13,,,,193.99,26.84,,,,133.75,,,,
PCS2019,103,cDNA,52,,"10,655,447.75",12.58,,,,"41,715,090.27",11.87,,,,221.56,26.64,,,,175.99,,,,
PCS2019,103,cDNA,52,,"7,872,973.56",13.03,,,,"42,834,208.32",11.83,,,,197.9,26.81,,,,139.33,,,,
PCS2019,103,cDNA,52,,,,,,,"40,357,219.95",11.92,,,,196.59,26.82,,,,129.9,,,,
PCS2019,103,cDNA,52,,,,,,,"37,275,937.20",12.04,,,,214.32,26.69,,,,213.4,,,,
PCS2019,103,cDNA,52,,,,,,,"39,043,549.74",11.97,,,,241.55,26.51,,,,182.27,,,,
PCS2019,103,cDNA,52,,,,,,,"36,785,765.08",12.06,,,,217.19,26.67,,,,141.8,,,,
PCS2019,72,gDNA,53,0.75,"632,214.62",16.78,28041661,37354018,4756,"3,901,771.72",15.45,180388694,240293984,5557137,"70,319.72",17.97,3588209,4779818,118303,"380,647.03",19102809,25446662,875594,
PCS2019,72,gDNA,53,,"560,133.27",16.96,,,,"3,199,117.42",15.75,,,,"68,475.59",18.01,,,,"413,074.52",,,,
PCS2019,72,gDNA,53,,"530,793.41",17.04,,,,"3,627,802.00",15.56,,,,"68,932.04",18,,,,"401,187.79",,,,
PCS2019,72,gDNA,53,,"520,191.59",17.07,,,,"3,876,033.02",15.46,,,,"78,206.44",17.81,,,,"382,876.39",,,,
PCS2019,72,gDNA,53,,,,,,,"3,676,142.64",15.54,,,,"80,847.99",17.76,,,,"422,836.98",,,,
PCS2019,72,gDNA,53,,,,,,,"3,676,142.64",15.54,,,,"69,391.53",17.99,,,,"346,692.31",,,,
PCS2019,72,gDNA,53,,,,,,,"3,509,713.21",15.61,,,,"71,260.33",17.95,,,,"398,851.81",,,,
PCS2019,72,gDNA,53,,,,,,,"3,395,468.33",15.66,,,,"66,679.83",18.05,,,,"310,282.69",,,,
PCS2019,81,cDNA,54,5.06,"2,010,158.62",15.06,5573312169,1100553340,380,"9,597,956.71",14.09,29428987411,5811296659,183964783,57.9,28.66,167865,33148,1640,75.03,165428,32667,3222,
PCS2019,81,cDNA,54,,"1,917,720.05",15.13,,,,"10,187,046.53",14,,,,62.29,28.55,,,,40.4,,,,
PCS2019,81,cDNA,54,,"1,956,804.34",15.1,,,,"10,391,337.66",13.97,,,,58.67,28.64,,,,65.22,,,,
PCS2019,81,cDNA,54,,"1,546,399.88",15.45,,,,"9,597,956.71",14.09,,,,39.12,29.25,,,,54.42,,,,
PCS2019,81,cDNA,54,,,,,,,"11,176,086.09",13.86,,,,54.54,28.75,,,,38.33,,,,
PCS2019,81,cDNA,54,,,,,,,"8,188,294.35",14.33,,,,51.37,28.84,,,,55.7,,,,
PCS2019,81,cDNA,54,,,,,,,"10,053,088.63",14.02,,,,61.06,28.58,,,,37.89,,,,
PCS2019,81,cDNA,54,,,,,,,"9,285,533.07",14.14,,,,62.7,28.54,,,,74.16,,,,
BIOS2020,R7,cDNA,55,2.8,"7,979,584.09",13.01,79140948528,28264624474,1235,"30,161,165.33",12.36,3.36E+11,1.20E+11,2145671236,19.09,30.33,220104,78609,5659,114.91,1450634,518084,32428,
BIOS2020,R7,cDNA,55,,"7,311,571.79",13.14,,,,"33,530,369.89",12.2,,,,24.41,29.96,,,,167.96,,,,
BIOS2020,R7,cDNA,55,,"7,022,412.88",13.2,,,,"30,970,318.67",12.32,,,,18.84,30.35,,,,146.85,,,,
BIOS2020,R7,cDNA,55,,"6,221,759.16",13.38,,,,"29,179,387.49",12.41,,,,23.15,30.04,,,,146,,,,
BIOS2020,R7,cDNA,55,,,,,,,"30,563,064.34",12.34,,,,11.15,31.14,,,,136.91,,,,
BIOS2020,R7,cDNA,55,,,,,,,"28,417,025.34",12.45,,,,20.27,30.24,,,,106.51,,,,
BIOS2020,R7,cDNA,55,,,,,,,"29,962,202.03",12.37,,,,22.09,30.11,,,,127.65,,,,
BIOS2020,R7,cDNA,55,,,,,,,"29,568,204.26",12.39,,,,19.73,30.28,,,,99.3,,,,
BIOS2020,R5,cDNA,56,2.8,"4,628,081.69",13.82,40629382733,14510493833,901,"18,852,393.00",13.07,1.87E+11,66759438818,2575239779,81.79,28.14,801345,286195,14047,188.77,1731543,618408,39813,
BIOS2020,R5,cDNA,56,,"4,628,081.69",13.82,,,,"17,762,209.24",13.16,,,,82.88,28.12,,,,207.26,,,,
BIOS2020,R5,cDNA,56,,"4,690,752.07",13.8,,,,"23,299,518.11",12.75,,,,87.41,28.04,,,,171.93,,,,
BIOS2020,R5,cDNA,56,,"3,682,104.84",14.16,,,,"18,977,581.88",13.06,,,,83.99,28.1,,,,209.69,,,,
BIOS2020,R5,cDNA,56,,,,,,,"23,924,589.54",12.71,,,,112.51,27.66,,,,251.31,,,,
BIOS2020,R5,cDNA,56,,,,,,,"18,977,581.88",13.06,,,,73.05,28.31,,,,171.93,,,,
BIOS2020,R5,cDNA,56,,,,,,,"20,009,488.52",12.98,,,,94.66,27.92,,,,145.15,,,,
BIOS2020,R5,cDNA,56,,,,,,,"20,410,759.01",12.95,,,,79.12,28.19,,,,156.59,,,,
PCS2019,87,cDNA,57,5.01,"2,135,585.24",14.97,6132817903,1223944340,352,"9,661,691.72",14.08,29401909175,5867824690,127860547,67.46,28.43,224199,44744,1453,46.75,157364,31406,3492,
PCS2019,87,cDNA,57,,"1,956,804.34",15.1,,,,"8,463,800.00",14.28,,,,80.17,28.17,,,,68.34,,,,
PCS2019,87,cDNA,57,,"1,943,688.53",15.11,,,,"9,224,279.46",14.15,,,,66.12,28.46,,,,47.58,,,,
PCS2019,87,cDNA,57,,"1,653,975.68",15.35,,,,"9,597,956.71",14.09,,,,61.06,28.58,,,,72.44,,,,
PCS2019,87,cDNA,57,,,,,,,"9,986,771.71",14.03,,,,73.54,28.3,,,,54.1,,,,
PCS2019,87,cDNA,57,,,,,,,"9,471,745.25",14.11,,,,77.04,28.23,,,,25.77,,,,
PCS2019,87,cDNA,57,,,,,,,"8,463,800.00",14.28,,,,65.25,28.48,,,,43.08,,,,
PCS2019,87,cDNA,57,,,,,,,"8,865,150.58",14.21,,,,71.61,28.34,,,,36.58,,,,
BIOS2020,R2,cDNA,58,2.8,"11,786,440.66",12.43,1.07E+11,38355092886,3567,"21,378,630.41",12.88,2.85E+11,1.02E+11,3829568928,20.67,30.21,196005,70002,6616,132.2,1353879,483528,18895,
BIOS2020,R2,cDNA,58,,"8,767,393.41",12.87,,,,"25,561,620.77",12.61,,,,17.16,30.49,,,,107.13,,,,
BIOS2020,R2,cDNA,58,,"6,975,343.98",13.21,,,,"25,225,489.88",12.63,,,,11.68,31.07,,,,108.39,,,,
BIOS2020,R2,cDNA,58,,"10,655,447.75",12.58,,,,"25,902,230.62",12.59,,,,11.83,31.05,,,,125.43,,,,
BIOS2020,R2,cDNA,58,,,,,,,"23,609,985.33",12.73,,,,17.74,30.44,,,,141.8,,,,
BIOS2020,R2,cDNA,58,,,,,,,"26,773,744.33",12.54,,,,25.74,29.88,,,,123.25,,,,
BIOS2020,R2,cDNA,58,,,,,,,"23,766,766.88",12.72,,,,19.22,30.32,,,,121.11,,,,
BIOS2020,R2,cDNA,58,,,,,,,"30,563,064.34",12.34,,,,15.33,30.66,,,,103.45,,,,
PCS2019,4,cDNA,59,4.88,"7,460,586.02",13.11,36152474494,7408142147,1396,"22,392,397.95",12.81,1.27E+11,25923237475,628519345,71.14,28.35,466190,95529,3870,97.58,580130,118877,4703,
PCS2019,4,cDNA,59,,"6,477,949.89",13.32,,,,"22,244,682.65",12.82,,,,80.71,28.16,,,,121.82,,,,
PCS2019,4,cDNA,59,,"7,165,533.89",13.17,,,,"24,404,373.50",12.68,,,,93.41,27.94,,,,93.67,,,,
PCS2019,4,cDNA,59,,"5,188,638.92",13.65,,,,"21,952,168.93",12.84,,,,88.58,28.02,,,,113.58,,,,
PCS2019,4,cDNA,59,,,,,,,"22,841,455.33",12.78,,,,75.02,28.27,,,,114.24,,,,
PCS2019,4,cDNA,59,,,,,,,"25,902,230.62",12.59,,,,92.79,27.95,,,,112.26,,,,
PCS2019,4,cDNA,59,,,,,,,"20,820,076.58",12.92,,,,78.59,28.2,,,,102.84,,,,
PCS2019,4,cDNA,59,,,,,,,"23,454,238.01",12.74,,,,97.86,27.87,,,,87.84,,,,
PCS2019,84,gDNA,60,0.71,"615,434.18",16.82,30629463,43243630,2020,"2,916,008.14",15.89,147361732,208049883,16660108,"54,994.56",18.34,3070370,4334844,88888,"380,647.03",19148238,27034079,220105,
PCS2019,84,gDNA,60,,"636,480.74",16.77,,,,"2,487,730.85",16.13,,,,"58,383.18",18.25,,,,"387,374.35",,,,
PCS2019,84,gDNA,60,,"587,133.00",16.89,,,,"2,747,383.15",15.98,,,,"60,355.16",18.2,,,,"380,647.03",,,,
PCS2019,84,gDNA,60,,"611,309.13",16.83,,,,"2,571,433.74",16.08,,,,"62,809.66",18.14,,,,"398,851.81",,,,
PCS2019,84,gDNA,60,,,,,,,"2,729,259.56",15.99,,,,"65,799.68",18.07,,,,"369,693.44",,,,
PCS2019,84,gDNA,60,,,,,,,"2,994,237.80",15.85,,,,"64,931.15",18.09,,,,"389,643.11",,,,
PCS2019,84,gDNA,60,,,,,,,"2,588,509.28",16.07,,,,"63,228.34",18.13,,,,"378,430.65",,,,
PCS2019,84,gDNA,60,,,,,,,"4,543,314.58",15.22,,,,"60,757.48",18.19,,,,"378,430.65",,,,
PCS2019,8,cDNA,61,4.99,"3,512,780.64",14.23,13736248401,2752313938,1102,"3,328,714.26",15.69,16309166708,3267846178,111769712,16.94,30.51,88614,17755,649,65.22,175182,35101,3687,
PCS2019,8,cDNA,61,,"3,009,360.46",14.46,,,,"3,440,713.11",15.64,,,,17.16,30.49,,,,34.51,,,,
PCS2019,8,cDNA,61,,"1,904,866.21",15.14,,,,"3,980,017.89",15.42,,,,19.09,30.33,,,,32.55,,,,
PCS2019,8,cDNA,61,,"3,465,848.45",14.25,,,,"3,556,480.31",15.59,,,,21.8,30.13,,,,29.13,,,,
PCS2019,8,cDNA,61,,,,,,,"3,927,681.35",15.44,,,,20,30.26,,,,35.32,,,,
PCS2019,8,cDNA,61,,,,,,,"3,263,272.56",15.72,,,,20.81,30.2,,,,34.71,,,,
PCS2019,8,cDNA,61,,,,,,,"3,749,864.04",15.51,,,,20.81,30.2,,,,36.58,,,,
PCS2019,8,cDNA,61,,,,,,,"2,994,237.80",15.85,,,,16.83,30.52,,,,35.32,,,,
PCS2019,55,cDNA,62,5.06,"3,218,707.59",14.36,8367382058,1652457157,601,"6,160,198.56",14.76,17563368785,3468553753,132237170,30.19,29.64,69121,13651,1745,46.48,161621,31918,1352,
PCS2019,55,cDNA,62,,"3,091,413.76",14.42,,,,"5,578,004.67",14.91,,,,20.67,30.21,,,,45.94,,,,
PCS2019,55,cDNA,62,,"2,630,628.88",14.66,,,,"6,848,334.08",14.6,,,,27.88,29.76,,,,58.71,,,,
PCS2019,55,cDNA,62,,"2,560,805.88",14.7,,,,"5,396,434.71",14.96,,,,20.54,30.22,,,,56.69,,,,
PCS2019,55,cDNA,62,,,,,,,"6,581,707.88",14.66,,,,39.12,29.25,,,,61.16,,,,
PCS2019,55,cDNA,62,,,,,,,"6,669,409.46",14.64,,,,10.71,31.2,,,,52.24,,,,
PCS2019,55,cDNA,62,,,,,,,"5,999,252.68",14.8,,,,22.69,30.07,,,,59.4,,,,
PCS2019,55,cDNA,62,,,,,,,"5,050,833.30",15.06,,,,18.22,30.4,,,,63.71,,,,
PCS2019,3,gDNA,63,0.78,"855,652.55",16.33,36174648,46532863,9141,"1,209,191.18",17.22,58807432,75646298,834998,"26,835.11",19.42,1244773,1601200,62900,"101,707.93",4380573,5634902,236297,
PCS2019,3,gDNA,63,,"737,974.50",16.55,,,,"1,162,113.74",17.28,,,,"25,958.32",19.47,,,,"79,122.64",,,,
PCS2019,3,gDNA,63,,"680,757.73",16.67,,,,"1,241,630.94",17.18,,,,"29,255.85",19.29,,,,"99,941.62",,,,
PCS2019,3,gDNA,63,,"619,587.06",16.81,,,,"1,146,832.14",17.3,,,,"24,451.68",19.56,,,,"81,944.09",,,,
PCS2019,3,gDNA,63,,,,,,,"1,185,418.78",17.25,,,,"25,615.68",19.49,,,,"91,026.56",,,,
PCS2019,3,gDNA,63,,,,,,,"1,146,832.14",17.3,,,,"24,778.74",19.54,,,,"89,969.62",,,,
PCS2019,3,gDNA,63,,,,,,,"1,185,418.78",17.25,,,,"20,572.63",19.82,,,,"86,366.02",,,,
PCS2019,3,gDNA,63,,,,,,,"1,131,751.50",17.32,,,,"21,695.64",19.74,,,,"70,813.18",,,,
PCS2019,60,gDNA,64,0.7,"433,814.02",17.34,18341919,26353332,5656,"1,371,223.87",17.03,65237417,93731920,3728030,"26,480.89",19.44,1161156,1668327,56696,"289,283.63",13916087,19994379,513019,
PCS2019,60,gDNA,64,,"364,220.65",17.6,,,,"1,317,838.01",17.09,,,,"24,943.92",19.53,,,,"285,924.64",,,,
PCS2019,60,gDNA,64,,"371,643.69",17.57,,,,"1,300,508.67",17.11,,,,"23,969.15",19.59,,,,"289,283.63",,,,
PCS2019,60,gDNA,64,,"297,675.18",17.9,,,,"1,344,265.95",17.06,,,,"20,166.65",19.85,,,,"263,478.77",,,,
PCS2019,60,gDNA,64,,,,,,,"1,544,711.46",16.85,,,,"24,614.67",19.55,,,,"315,766.44",,,,
PCS2019,60,gDNA,64,,,,,,,"1,169,830.73",17.27,,,,"21,126.68",19.78,,,,"265,021.90",,,,
PCS2019,60,gDNA,64,,,,,,,"1,344,265.95",17.06,,,,"23,496.14",19.62,,,,"257,395.57",,,,
PCS2019,60,gDNA,64,,,,,,,"1,045,342.02",17.44,,,,"20,986.78",19.79,,,,"260,419.41",,,,
PCS2019,110,gDNA,65,0.71,"768,361.77",16.49,33599389,47631683,8111,"1,728,669.57",16.68,81135725,115020874,4436242,"18,253.82",20,859683,1218717,31720,"332,806.06",16387393,23231348,660816,
PCS2019,110,gDNA,65,,"662,688.84",16.71,,,,"1,775,045.72",16.64,,,,"17,775.12",20.04,,,,"350,765.19",,,,
PCS2019,110,gDNA,65,,"685,351.41",16.66,,,,"1,786,832.87",16.63,,,,"18,621.29",19.97,,,,"350,765.19",,,,
PCS2019,110,gDNA,65,,"571,549.13",16.93,,,,"1,408,010.59",16.99,,,,"16,632.56",20.14,,,,"284,259.80",,,,
PCS2019,110,gDNA,65,,,,,,,"1,717,266.10",16.69,,,,"16,413.02",20.16,,,,"350,765.19",,,,
PCS2019,110,gDNA,65,,,,,,,"1,740,148.76",16.67,,,,"18,253.82",20,,,,"312,099.94",,,,
PCS2019,110,gDNA,65,,,,,,,"1,436,246.85",16.96,,,,"16,743.43",20.13,,,,"342,666.72",,,,
PCS2019,110,gDNA,65,,,,,,,"1,389,495.49",17.01,,,,"14,856.22",20.31,,,,"297,854.77",,,,
PCS2019,38,gDNA,66,0.7,"959,289.92",16.16,40808170,58565111,11107,"1,445,784.21",16.95,85200225,122273572,7265799,"21,126.68",19.78,1105054,1585898,59656,"150,409.82",7161831,10278173,298258,
PCS2019,38,gDNA,66,,"844,220.68",16.35,,,,"1,607,288.01",16.79,,,,"23,032.47",19.65,,,,"150,409.82",,,,
PCS2019,38,gDNA,66,,"728,114.86",16.57,,,,"1,999,624.96",16.46,,,,"22,577.95",19.68,,,,"160,388.68",,,,
PCS2019,38,gDNA,66,,"733,028.10",16.56,,,,"1,639,520.58",16.76,,,,"23,496.14",19.62,,,,"139,413.99",,,,
PCS2019,38,gDNA,66,,,,,,,"2,122,355.11",16.37,,,,"24,943.92",19.53,,,,"152,176.81",,,,
PCS2019,38,gDNA,66,,,,,,,"1,426,772.40",16.97,,,,"23,969.15",19.59,,,,"128,469.61",,,,
PCS2019,38,gDNA,66,,,,,,,"1,973,330.23",16.48,,,,"17,893.60",20.03,,,,"135,402.18",,,,
PCS2019,38,gDNA,66,,,,,,,"1,417,360.45",16.98,,,,"19,768.69",19.88,,,,"129,222.03",,,,
PCS2019,39,cDNA,67,5.02,"11,707,440.06",12.44,52217545197,10395068022,1063,"21,378,630.41",12.88,99568930854,19821418361,385290242,37.84,29.3,184585,36746,1929,170.93,894871,178144,12367,
PCS2019,39,cDNA,67,,"10,234,044.85",12.64,,,,"19,746,367.21",13,,,,43.8,29.08,,,,166.01,,,,
PCS2019,39,cDNA,67,,"10,029,634.85",12.67,,,,"20,142,361.06",12.97,,,,43.22,29.1,,,,175.99,,,,
PCS2019,39,cDNA,67,,"10,655,447.75",12.58,,,,"21,237,602.60",12.89,,,,42.37,29.13,,,,193.23,,,,
PCS2019,39,cDNA,67,,,,,,,"21,378,630.41",12.88,,,,37.59,29.31,,,,197.8,,,,
PCS2019,39,cDNA,67,,,,,,,"21,097,505.12",12.9,,,,27.88,29.76,,,,245.5,,,,
PCS2019,39,cDNA,67,,,,,,,"18,728,029.96",13.08,,,,36.61,29.35,,,,193.23,,,,
PCS2019,39,cDNA,67,,,,,,,"18,852,393.00",13.07,,,,32.05,29.55,,,,118.32,,,,
PCS2019,34,gDNA,68,0.78,"933,828.14",16.2,41681502,53651051,6329,"1,672,399.54",16.73,78021627,100426860,3528471,"32,537.04",19.13,1455820,1873883,64661,"117,009.78",5278387,6794165,141193,
PCS2019,34,gDNA,68,,"789,311.94",16.45,,,,"1,596,685.26",16.8,,,,"26,305.55",19.45,,,,"107,824.19",,,,
PCS2019,34,gDNA,68,,"827,358.61",16.38,,,,"1,436,246.85",16.96,,,,"30,244.01",19.24,,,,"98,781.16",,,,
PCS2019,34,gDNA,68,,"784,021.44",16.46,,,,"1,344,265.95",17.06,,,,"31,683.76",19.17,,,,"111,018.90",,,,
PCS2019,34,gDNA,68,,,,,,,"1,810,642.50",16.61,,,,"24,128.92",19.58,,,,"101,707.93",,,,
PCS2019,34,gDNA,68,,,,,,,"1,639,520.58",16.76,,,,"27,741.50",19.37,,,,"105,334.74",,,,
PCS2019,34,gDNA,68,,,,,,,"1,575,689.12",16.82,,,,"29,844.80",19.26,,,,"99,359.69",,,,
PCS2019,34,gDNA,68,,,,,,,"1,408,010.59",16.99,,,,"30,445.61",19.23,,,,"103,505.45",,,,
PCS2019,90,gDNA,69,0.72,"773,546.59",16.48,33432325,46228326,10699,"2,066,904.90",16.41,108212348,149629905,1822760,"33,192.05",19.1,1662409,2298685,93207,"387,374.35",19005851,26280214,814008,
PCS2019,90,gDNA,69,,"733,028.10",16.56,,,,"2,193,764.46",16.32,,,,"31,683.76",19.17,,,,"408,278.14",,,,
PCS2019,90,gDNA,69,,"640,775.65",16.76,,,,"2,237,758.24",16.29,,,,"37,160.78",18.93,,,,"396,529.43",,,,
PCS2019,90,gDNA,69,,"527,235.68",17.05,,,,"2,122,355.11",16.37,,,,"29,062.13",19.3,,,,"391,925.16",,,,
PCS2019,90,gDNA,69,,,,,,,"2,282,634.27",16.26,,,,"34,085.95",19.06,,,,"398,851.81",,,,
PCS2019,90,gDNA,69,,,,,,,"2,080,630.13",16.4,,,,"38,929.80",18.86,,,,"391,925.16",,,,
PCS2019,90,gDNA,69,,,,,,,"2,150,635.60",16.35,,,,"34,313.17",19.05,,,,"304,894.17",,,,
PCS2019,90,gDNA,69,,,,,,,"2,179,292.92",16.33,,,,"27,557.81",19.38,,,,"361,157.95",,,,
PCS2019,9,gDNA,70,0.72,"1,039,916.95",16.04,51136172,70737546,1942,"2,588,509.28",16.07,139559370,193054876,6113398,"51,802.61",18.43,2271319,3141954,173027,"396,529.43",19931273,27571273,439338,
PCS2019,9,gDNA,70,,"1,005,529.92",16.09,,,,"3,136,223.56",15.78,,,,"46,270.15",18.6,,,,"391,925.16",,,,
PCS2019,9,gDNA,70,,"1,005,529.92",16.09,,,,"2,711,255.53",16,,,,"53,197.72",18.39,,,,"398,851.81",,,,
PCS2019,9,gDNA,70,,"1,039,916.95",16.04,,,,"2,520,879.99",16.11,,,,"47,201.63",18.57,,,,"410,669.33",,,,
PCS2019,9,gDNA,70,,,,,,,"2,877,663.14",15.91,,,,"30,445.61",19.23,,,,"374,036.53",,,,
PCS2019,9,gDNA,70,,,,,,,"3,178,013.90",15.76,,,,"43,295.98",18.7,,,,"422,836.98",,,,
PCS2019,9,gDNA,70,,,,,,,"2,605,698.22",16.06,,,,"48,472.82",18.53,,,,"417,927.25",,,,
PCS2019,9,gDNA,70,,,,,,,"2,711,255.53",16,,,,"42,724.49",18.72,,,,"376,227.18",,,,
BIOS2020,R4,cDNA,71,2.8,"10,513,086.59",12.6,97380045030,34778587511,1625,"17,413,008.59",13.19,1.98E+11,70544135074,4203898926,12.4,30.98,109971,39275,3793,122.53,1261390,450496,17041,
BIOS2020,R4,cDNA,71,,"8,308,156.03",12.95,,,,"18,481,759.61",13.1,,,,7.38,31.76,,,,115.58,,,,
BIOS2020,R4,cDNA,71,,"9,440,577.02",12.76,,,,"17,070,673.14",13.22,,,,12.15,31.01,,,,131.43,,,,
BIOS2020,R4,cDNA,71,,"8,946,078.17",12.84,,,,"17,528,639.27",13.18,,,,9.57,31.37,,,,99.88,,,,
BIOS2020,R4,cDNA,71,,,,,,,"15,254,080.38",13.39,,,,6.13,32.04,,,,125.43,,,,
BIOS2020,R4,cDNA,71,,,,,,,"17,645,037.79",13.17,,,,10.93,31.17,,,,140.97,,,,
BIOS2020,R4,cDNA,71,,,,,,,"23,145,818.84",12.76,,,,10.36,31.25,,,,119.71,,,,
BIOS2020,R4,cDNA,71,,,,,,,"24,404,373.50",12.68,,,,15.13,30.68,,,,108.39,,,,
PCS2019,53,cDNA,72,5.06,"12,026,655.43",12.4,60962943144,12052299859,1556,"19,877,492.50",12.99,1.12E+11,22211390298,507777356,103.2,27.79,498854,98623,4512,63.34,278417,55043,5569,
PCS2019,53,cDNA,72,,"11,320,309.12",12.49,,,,"19,103,602.06",13.05,,,,81.25,28.15,,,,29.82,,,,
PCS2019,53,cDNA,72,,"10,945,979.47",12.54,,,,"18,118,412.77",13.13,,,,93.41,27.94,,,,40.88,,,,
PCS2019,53,cDNA,72,,"9,252,015.37",12.79,,,,"20,009,488.52",12.98,,,,88.58,28.02,,,,54.42,,,,
PCS2019,53,cDNA,72,,,,,,,"20,142,361.06",12.97,,,,73.54,28.3,,,,67.94,,,,
PCS2019,53,cDNA,72,,,,,,,"21,663,501.71",12.86,,,,90.36,27.99,,,,60.1,,,,
PCS2019,53,cDNA,72,,,,,,,"22,097,941.79",12.83,,,,105.28,27.76,,,,48.7,,,,
PCS2019,53,cDNA,72,,,,,,,"19,486,705.90",13.02,,,,77.04,28.23,,,,32.55,,,,
BIOS2020,D7,gDNA,73,0.42,"778,766.41",16.47,35632868,85409560,21023,"3,850,464.10",15.47,191622886,459307012,8244990,"43,584.58",18.69,1974532,4732819,162469,"537,223.13",21666637,51933453,2007351,
BIOS2020,D7,gDNA,73,,"689,976.09",16.65,,,,"3,603,870.58",15.57,,,,"36,914.71",18.94,,,,"415,493.80",,,,
BIOS2020,D7,gDNA,73,,"832,941.54",16.37,,,,"4,141,249.15",15.36,,,,"42,441.58",18.73,,,,"456,186.87",,,,
BIOS2020,D7,gDNA,73,,"548,945.44",16.99,,,,"4,113,930.69",15.37,,,,"37,908.87",18.9,,,,"415,493.80",,,,
BIOS2020,D7,gDNA,73,,,,,,,"3,725,127.42",15.52,,,,"32,321.59",19.14,,,,"445,654.43",,,,
BIOS2020,D7,gDNA,73,,,,,,,"3,725,127.42",15.52,,,,"41,328.55",18.77,,,,"394,220.57",,,,
BIOS2020,D7,gDNA,73,,,,,,,"3,774,764.92",15.5,,,,"38,415.94",18.88,,,,"403,537.45",,,,
BIOS2020,D7,gDNA,73,,,,,,,"3,725,127.42",15.52,,,,"43,009.29",18.71,,,,"398,851.81",,,,
PCS2019,56,gDNA,74,0.68,"758,096.14",16.51,31834698,46919231,10204,"2,222,996.48",16.3,112977065,166510044,2160702,"45,056.72",18.64,2302895,3394097,97641,"391,925.16",15348203,22620786,1354547,
PCS2019,56,gDNA,74,,"575,405.88",16.92,,,,"2,237,758.24",16.29,,,,"48,151.85",18.54,,,,"310,282.69",,,,
PCS2019,56,gDNA,74,,"671,662.53",16.69,,,,"2,390,876.02",16.19,,,,"45,056.72",18.64,,,,"334,755.23",,,,
PCS2019,56,gDNA,74,,"541,611.30",17.01,,,,"2,343,871.99",16.22,,,,"45,659.41",18.62,,,,"248,533.09",,,,
PCS2019,56,gDNA,74,,,,,,,"2,313,050.48",16.24,,,,"45,357.06",18.63,,,,"344,673.64",,,,
PCS2019,56,gDNA,74,,,,,,,"2,222,996.48",16.3,,,,"46,270.15",18.6,,,,"245,647.27",,,,
PCS2019,56,gDNA,74,,,,,,,"2,136,448.56",16.36,,,,"39,713.50",18.83,,,,"319,476.00",,,,
PCS2019,56,gDNA,74,,,,,,,"2,208,332.10",16.31,,,,"53,197.72",18.39,,,,"260,419.41",,,,
PCS2019,54,gDNA,75,0.73,"768,361.77",16.49,34713334,47403160,7183,"2,179,292.92",16.33,101957043,139228517,3444259,"41,604.04",18.76,2038581,2783806,102185,"249,988.69",10993699,15012562,569733,
PCS2019,54,gDNA,75,,"713,571.84",16.6,,,,"1,822,666.03",16.6,,,,"38,415.94",18.88,,,,"225,045.25",,,,
PCS2019,54,gDNA,75,,"704,038.22",16.62,,,,"2,108,354.63",16.38,,,,"42,160.55",18.74,,,,"238,578.47",,,,
PCS2019,54,gDNA,75,,"591,094.91",16.88,,,,"2,012,903.42",16.45,,,,"39,978.23",18.82,,,,"194,476.15",,,,
PCS2019,54,gDNA,75,,,,,,,"2,108,354.63",16.38,,,,"41,604.04",18.76,,,,"218,569.29",,,,
PCS2019,54,gDNA,75,,,,,,,"2,208,332.10",16.31,,,,"39,978.23",18.82,,,,"239,975.77",,,,
PCS2019,54,gDNA,75,,,,,,,"2,026,270.06",16.44,,,,"33,636.03",19.08,,,,"211,043.66",,,,
PCS2019,54,gDNA,75,,,,,,,"1,846,953.15",16.58,,,,"48,795.93",18.52,,,,"181,314.55",,,,
PCS2019,36,gDNA,76,0.72,"742,954.28",16.54,35828118,49431730,3267,"2,438,822.67",16.16,132806412,183231805,5146136,"55,730.17",18.32,2697446,3721642,53592,"222,432.15",11680498,16115478,344602,
PCS2019,36,gDNA,76,,"747,967.66",16.53,,,,"2,623,001.30",16.05,,,,"55,361.14",18.33,,,,"247,085.97",,,,
PCS2019,36,gDNA,76,,"689,976.09",16.65,,,,"2,821,088.99",15.94,,,,"52,147.92",18.42,,,,"251,452.82",,,,
PCS2019,36,gDNA,76,,"685,351.41",16.66,,,,"2,554,470.83",16.09,,,,"54,994.56",18.34,,,,"217,296.64",,,,
PCS2019,36,gDNA,76,,,,,,,"3,094,982.77",15.8,,,,"56,852.08",18.29,,,,"251,452.82",,,,
PCS2019,36,gDNA,76,,,,,,,"2,588,509.28",16.07,,,,"53,197.72",18.39,,,,"230,363.89",,,,
PCS2019,36,gDNA,76,,,,,,,"2,640,419.28",16.04,,,,"53,197.72",18.39,,,,"226,363.28",,,,
PCS2019,36,gDNA,76,,,,,,,"2,487,730.85",16.13,,,,"50,110.07",18.48,,,,"222,432.15",,,,
BIOS2020,D6,gDNA,77,0.39,329.58,28.02,172746,438218,673,"3,157,049.58",15.77,154867178,392864481,35268508,"22,428.45",19.69,1398202,3546935,159729,"579,594.86",28458829,72193884,1860115,
BIOS2020,D6,gDNA,77,,"5,335.13",23.88,,,,"2,935,371.83",15.88,,,,"29,647.18",19.27,,,,"632,654.53",,,,
BIOS2020,D6,gDNA,77,,327.37,28.03,,,,"3,178,013.90",15.76,,,,"27,013.99",19.41,,,,"546,717.69",,,,
BIOS2020,D6,gDNA,77,,"7,827.57",23.31,,,,"3,533,019.37",15.6,,,,"33,636.03",19.08,,,,"515,705.45",,,,
BIOS2020,D6,gDNA,77,,,,,,,"3,850,464.10",15.47,,,,"31,265.55",19.19,,,,"618,047.80",,,,
BIOS2020,D6,gDNA,77,,,,,,,"1,283,407.20",17.13,,,,"28,488.62",19.33,,,,"546,717.69",,,,
BIOS2020,D6,gDNA,77,,,,,,,"3,284,942.24",15.71,,,,"25,446.07",19.5,,,,"530,985.21",,,,
BIOS2020,D6,gDNA,77,,,,,,,"3,556,480.31",15.59,,,,"25,786.44",19.48,,,,"582,989.41",,,,
PCS2019,73,cDNA,78,2.37,"17,645,198.78",11.83,1.16E+11,48747946278,5294,"32,012,354.68",12.27,2.66E+11,1.12E+11,4851685986,99.17,27.85,639561,269482,8294,119.01,1150475,484758,104831,
PCS2019,73,cDNA,78,,"14,133,262.35",12.16,,,,"30,563,064.34",12.34,,,,82.33,28.13,,,,121.11,,,,
PCS2019,73,cDNA,78,,"17,764,266.78",11.82,,,,"34,202,788.27",12.17,,,,82.88,28.12,,,,157.51,,,,
PCS2019,73,cDNA,78,,"13,850,971.21",12.19,,,,"38,023,469.23",12.01,,,,87.99,28.03,,,,91.51,,,,
PCS2019,73,cDNA,78,,,,,,,"39,302,817.52",11.96,,,,81.79,28.14,,,,391.7,,,,
PCS2019,73,cDNA,78,,,,,,,"33,309,181.05",12.21,,,,85.11,28.08,,,,126.9,,,,
PCS2019,73,cDNA,78,,,,,,,"41,166,544.05",11.89,,,,81.79,28.14,,,,116.94,,,,
PCS2019,73,cDNA,78,,,,,,,"42,551,645.12",11.84,,,,99.83,27.84,,,,136.12,,,,